num,name,shape,color,text,text2,code,form,company,image_url
1,닥터베아제정,장방형,주황,닥터베아제,,200300406,정제,(주)대웅제약,https://nedrug.mfds.go.kr/pbp/cmn/itemImageDownload/148647963523800122
2,뮤테란캡슐200밀리그램(아세틸시스테인),장방형,하양,MUC200 한화,,198801525,경질캡슐,한화제약(주),https://nedrug.mfds.go.kr/pbp/cmn/itemImageDownload/147427538030900041
3,베아제정,장방형,초록,BEARSE,,198700405,정제,(주)대웅제약,https://nedrug.mfds.go.kr/pbp/cmn/itemImageDownload/148647963523800116
4,삐콤씨정,타원형,분홍,BC,YH,201206997,정제,(주)유한양행,https://nedrug.mfds.go.kr/pbp/cmn/itemImageDownload/1PThtYEQ972
5,아로나민골드정,타원형,빨강,Aro-G,Aro-G,197000037,정제,일동제약(주),https://nedrug.mfds.go.kr/pbp/cmn/itemImageDownload/154609810414600027
6,알마겔정(알마게이트)(수출명:유한가스트라겔정),원형,하양,YH,AMG,198700430,정제,(주)유한양행,https://nedrug.mfds.go.kr/pbp/cmn/itemImageDownload/148609556259100119
7,엘도스캡슐(에르도스테인),장방형,초록 노랑,DW ELC,,199500435,경질캡슐,(주)대웅제약,https://nedrug.mfds.go.kr/pbp/cmn/itemImageDownload/1Og9J5dfYp3
8,타겐에프연질캡슐(빌베리건조엑스),타원형,검정,TG-F,,200200323,연질캡슐,국제약품(주),https://nedrug.mfds.go.kr/pbp/cmn/itemImageDownload/154609810414600153
9,타이레놀정500밀리그람(아세트아미노펜),장방형,하양,TYLENOL,500,202106092,정제,한국존슨앤드존슨판매(유),https://nedrug.mfds.go.kr/pbp/cmn/itemImageDownload/1OKRXo9l4D5
10,파자임-95밀리그램이중정,타원형,갈색,P^,,198300605,정제,부광약품(주),https://nedrug.mfds.go.kr/pbp/cmn/itemImageDownload/1McVeGQyqQL
11,페니라민정(클로르페니라민말레산염),원형,노랑,YH,,196000011,정제,(주)유한양행,https://nedrug.mfds.go.kr/pbp/cmn/itemImageDownload/1Orz9gcUHnw
12,훼스탈골드정,(달걀형)장방형,하양,훼스탈골드,,199900926,정제,(주)한독,https://nedrug.mfds.go.kr/pbp/cmn/itemImageDownload/1OqWQSX8FYq
13,훼스탈플러스정,(달걀형)장방형,하양,훼스탈PLUS,,199801026,정제,(주)한독,https://nedrug.mfds.go.kr/pbp/cmn/itemImageDownload/1Os8pyE54Rj
14,가네카정,원형,하양,G,cr,198601398,정제,지엘파마(주),https://nedrug.mfds.go.kr/pbp/cmn/itemImageDownload/154599010139600143
15,가네탑골드연질캡슐,장방형,검정,가네탑골드,,200808096,연질캡슐,일양약품(주),https://nedrug.mfds.go.kr/pbp/cmn/itemImageDownload/1N7lFt9NAm7
16,"가딘정75밀리그램

(라니티딘염산염)",오각형,분홍,GD,75,201507261,정제,유니메드제약(주),
17,가레오연질캡슐(디히드록시디부틸에테르),타원형,하양 검정,GAL250,,198802329,연질캡슐,조아제약(주),https://nedrug.mfds.go.kr/pbp/cmn/itemImageDownload/147427593004100048
18,가레오연질캡슐500밀리그램(디히드록시디부틸에테르),장방형,하양 검정,GAL500,,198802326,연질캡슐,조아제약(주),https://nedrug.mfds.go.kr/pbp/cmn/itemImageDownload/147427593004100051
19,감마마그빅연질캡슐,장방형,갈색,알파,,201500053,연질캡슐,알파제약(주),https://nedrug.mfds.go.kr/pbp/cmn/itemImageDownload/147426989724000081
20,게루삼엠정(건조수산화알루미늄겔),원형,하양,AHG,,199501099,정제,삼남제약(주),https://nedrug.mfds.go.kr/pbp/cmn/itemImageDownload/147427668455400014
21,게루삼정,원형,하양,G,G,196400046,정제,삼남제약(주),https://nedrug.mfds.go.kr/pbp/cmn/itemImageDownload/154307400984500104
22,게보린릴랙스연질캡슐,장방형,주황,GRX,,202007294,연질캡슐,삼진제약(주),https://nedrug.mfds.go.kr/pbp/cmn/itemImageDownload/1NXqH06PVHI
23,게보린브이정(아세트아미노펜),삼각형,하양,GRV,,202107495,정제,삼진제약(주),https://nedrug.mfds.go.kr/pbp/cmn/itemImageDownload/1O597tTUFYW
24,게보린소프트연질캡슐,타원형,분홍,GRS,,201908295,연질캡슐,삼진제약(주),https://nedrug.mfds.go.kr/pbp/cmn/itemImageDownload/1OcIzQG1ql0
25,게이트정(알마게이트),장방형,하양,WK,AMG,201310271,정제,오스틴제약(주),https://nedrug.mfds.go.kr/pbp/cmn/itemImageDownload/147426799381700051
26,겔티-포르테연질캡슐,타원형,주황 갈색,YPA,,201201680,연질캡슐,영풍제약(주),https://nedrug.mfds.go.kr/pbp/cmn/itemImageDownload/147426597943600165
27,경남그린웰연질캡슐,장방형,갈색,KN GW,,200501415,연질캡슐,경남제약(주),https://nedrug.mfds.go.kr/pbp/cmn/itemImageDownload/147428258513600026
28,경남나프록센연질캡슐,타원형,초록,KN-N,,201403474,연질캡슐,경남제약(주),https://nedrug.mfds.go.kr/pbp/cmn/itemImageDownload/151810441495000045
29,경남데일리디츄어블정,원형,노랑,KN-D,,201307766,정제,경남제약(주),https://nedrug.mfds.go.kr/pbp/cmn/itemImageDownload/149723228746300015
30,경동파니틴정10밀리그램(파모티딘),원형,초록,FN,10,202106054,정제,경동제약(주),https://nedrug.mfds.go.kr/pbp/cmn/itemImageDownload/1OKRXo9l4EV
31,골드타민연질캡슐,장방형,갈색,골드타민,,200802314,연질캡슐,(주)서흥,https://nedrug.mfds.go.kr/pbp/cmn/itemImageDownload/1MmZCvzwsY1
32,골사민캡슐(결정글루코사민황산염)(수출명 : NEOCOMIN),장방형,빨강 노랑,GSM SINIL,,199902612,경질캡슐,신일제약(주),https://nedrug.mfds.go.kr/pbp/cmn/itemImageDownload/1OfoK-mSlPY
33,광동리버샷정(수출용),원형,갈색,K.D,,201600289,정제,광동제약(주),https://nedrug.mfds.go.kr/pbp/cmn/itemImageDownload/148682304213600195
34,광동아스피린장용정100mg,원형,하양,KD,^S,201702015,정제,광동제약(주),https://nedrug.mfds.go.kr/pbp/cmn/itemImageDownload/149805864617300171
35,광동에너릭정,원형,갈색,K.D,100,202201218,정제,광동제약(주),https://nedrug.mfds.go.kr/pbp/cmn/itemImageDownload/1OeD8xwOrQY
36,구루치온정100밀리그램(글루타티온(환원형)),원형,하양,YPS,,201502890,정제,영풍제약(주),https://nedrug.mfds.go.kr/pbp/cmn/itemImageDownload/147427076761600175
37,구바파정,원형,분홍,,G2,200801686,정제,(주)아이월드제약,https://nedrug.mfds.go.kr/pbp/cmn/itemImageDownload/1MtU6vRYsX0
38,구아내정,장방형,갈색,GHG,,200809204,정제,(유)한풍제약,https://nedrug.mfds.go.kr/pbp/cmn/itemImageDownload/147427926223400074
39,굿모닝에이스정,원형,초록,GH,,201708002,정제,(유)한풍제약,https://nedrug.mfds.go.kr/pbp/cmn/itemImageDownload/1NZ_B2rUzxn
40,굿스펜연질캡슐(덱시부프로펜),장방형,하양,KD GP,,200900682,연질캡슐,광동제약(주),https://nedrug.mfds.go.kr/pbp/cmn/itemImageDownload/1Oikd3yeYje
41,굿포미정,원형,분홍,,,202106656,정제,조아제약(주),https://nedrug.mfds.go.kr/pbp/cmn/itemImageDownload/1O597tTUF27
42,그날엔노즈에이연질캡슐,타원형,빨강,GAN,,202302739,연질캡슐,경동제약(주),https://nedrug.mfds.go.kr/pbp/cmn/itemImageDownload/1P2JYwFsA6H
43,그날엔노즈플러스연질캡슐,장방형,파랑,XGNP,,201705221,연질캡슐,경동제약(주),https://nedrug.mfds.go.kr/pbp/cmn/itemImageDownload/150539922160400074
44,그날엔더블유연질캡슐,타원형,주황,GNL,,202107347,연질캡슐,경동제약(주),https://nedrug.mfds.go.kr/pbp/cmn/itemImageDownload/1O43E2UC9wW
45,그날엔덱스연질캡슐(덱시부프로펜),타원형,노랑,GnDex,,201903015,연질캡슐,경동제약(주),https://nedrug.mfds.go.kr/pbp/cmn/itemImageDownload/1Ml-kwRqCx-
46,그날엔에이스연질캡슐,타원형,갈색,GNA,,202302140,연질캡슐,경동제약(주),https://nedrug.mfds.go.kr/pbp/cmn/itemImageDownload/1OolGzblOnG
47,그날엔정,원형,하양,N KYUNG DONG,,200902301,정제,경동제약(주),https://nedrug.mfds.go.kr/pbp/cmn/itemImageDownload/151706776344700043
48,그날엔코프에이연질캡슐,타원형,파랑,GAP,,202302948,연질캡슐,경동제약(주),https://nedrug.mfds.go.kr/pbp/cmn/itemImageDownload/1Os8pyE54R-
49,그날엔코프플러스연질캡슐,장방형,초록,XGPP,,201705220,연질캡슐,경동제약(주),https://nedrug.mfds.go.kr/pbp/cmn/itemImageDownload/150539922160400080
50,그날엔콜드에이연질캡슐,타원형,노랑,GAC,,202302949,연질캡슐,경동제약(주),https://nedrug.mfds.go.kr/pbp/cmn/itemImageDownload/1P2JYwFsA6r
51,그날엔콜드플러스연질캡슐,장방형,노랑,XGCP,,201705219,연질캡슐,경동제약(주),https://nedrug.mfds.go.kr/pbp/cmn/itemImageDownload/150539922160400068
52,그날엔큐정,원형,하양,Q KYUNG DONG,,200906330,정제,경동제약(주),https://nedrug.mfds.go.kr/pbp/cmn/itemImageDownload/1OHXkPjtIWC
53,그랑페롤연질캡슐1000아이유(비타민이프리퍼레이션),장방형,노랑,G1000,,198800444,연질캡슐,(주)유한양행,https://nedrug.mfds.go.kr/pbp/cmn/itemImageDownload/1OmM2OP_0ZK
54,그랑페롤연질캡슐400아이유(비타민이프리퍼레이션)(군납명:토코페롤연질캡슐400아이유100캡슐),타원형,노랑,G400,,198700431,연질캡슐,(주)유한양행,https://nedrug.mfds.go.kr/pbp/cmn/itemImageDownload/1Oln5d5U9uA
55,그루타제정,장방형,초록,GLT,,199502365,정제(장용정),지엘파마(주),https://nedrug.mfds.go.kr/pbp/cmn/itemImageDownload/1Oikd3yeYA9
56,그린콜연질캡슐,장방형,노랑,GRC,,200608329,연질캡슐,(주)알피바이오,https://nedrug.mfds.go.kr/pbp/cmn/itemImageDownload/1NOwp2F6N8C
57,글로게이트정(알마게이트),원형,하양,KG,U1,201307834,정제,(주)킵스바이오파마,https://nedrug.mfds.go.kr/pbp/cmn/itemImageDownload/1NUBfpZPSFE
58,글로아스피린장용정100mg(아스피린),원형,하양,KG,7,201402959,정제,(주)킵스바이오파마,https://nedrug.mfds.go.kr/pbp/cmn/itemImageDownload/154055956537400107
59,글로칼디정,장방형,초록,KG,D,202401821,정제,(주)킵스바이오파마,https://nedrug.mfds.go.kr/pbp/cmn/itemImageDownload/1PEPKBUceCR
60,글루100정(글루타티온(환원형)),원형,하양,DC,G,201305220,정제,(주)동구바이오제약,https://nedrug.mfds.go.kr/pbp/cmn/itemImageDownload/147426676298300153
61,글루디톡정(글루타티온(환원형)),원형,하양,TG,GT,202302457,정제,태극제약(주),https://nedrug.mfds.go.kr/pbp/cmn/itemImageDownload/1OqoN-3zWwk
62,글루원정,원형,하양,T2,,202009258,정제,(주)아이월드제약,https://nedrug.mfds.go.kr/pbp/cmn/itemImageDownload/1NYyLUFhd9O
63,글루타틴정100mg(글루타티온(환원형)),원형,하양,C41,,201902007,정제,(주)텔콘알에프제약,https://nedrug.mfds.go.kr/pbp/cmn/itemImageDownload/1PSZlZaBRUC
64,글린타민캡슐,장방형,빨강 노랑,NBK 67,,202006359,경질캡슐,엔비케이제약(주),https://nedrug.mfds.go.kr/pbp/cmn/itemImageDownload/1OSm8xoWjxb
65,글치온정(글루타티온(환원형)),원형,하양,TE,,202002332,정제,(주)테라젠이텍스,https://nedrug.mfds.go.kr/pbp/cmn/itemImageDownload/1NDXmGS9ezg
66,기가렉스연질캡슐,타원형,빨강,ggr,,201202397,연질캡슐,(주)알피바이오,https://nedrug.mfds.go.kr/pbp/cmn/itemImageDownload/147426604172000059
67,기가에이연질캡슐,타원형,주황,GIGA-A,,200004264,연질캡슐,(주)알피바이오,https://nedrug.mfds.go.kr/pbp/cmn/itemImageDownload/154653006580000100
68,기가엔드연질캡슐,타원형,빨강,GGD,,201508445,연질캡슐,동방에프티엘(주),https://nedrug.mfds.go.kr/pbp/cmn/itemImageDownload/147427173043400056
69,기가제로연질캡슐,타원형,주황,GGZ,,201605499,연질캡슐,코스맥스파마(주),https://nedrug.mfds.go.kr/pbp/cmn/itemImageDownload/148431162903300136
70,기가파워연질캡슐,타원형,빨강,GIGA,,201603223,연질캡슐,한솔신약(주),https://nedrug.mfds.go.kr/pbp/cmn/itemImageDownload/153037322892500119
71,기가프신연질캡슐,타원형,주황,KS,,201606791,연질캡슐,(주)에이프로젠바이오로직스,https://nedrug.mfds.go.kr/pbp/cmn/itemImageDownload/148604072451200106
72,기노엘연질캡슐(L-시스틴),장방형,주황,GVT500,,200002783,연질캡슐,(주)테라젠이텍스,https://nedrug.mfds.go.kr/pbp/cmn/itemImageDownload/1NSBhKkKwgv
73,기스톱정(세티리진염산염),장방형,하양,K,IWP,200803434,정제,(주)아이월드제약,https://nedrug.mfds.go.kr/pbp/cmn/itemImageDownload/147427835920100128
74,나나정500밀리그램(아세트아미노펜),장방형,하양,PARDA,90,202200088,정제,초당약품공업(주),https://nedrug.mfds.go.kr/pbp/cmn/itemImageDownload/1OOrhdcAmZk
75,나노디오정600밀리그램(디오스민),원형,초록,nanoD,,202002089,정제,초당약품공업(주),https://nedrug.mfds.go.kr/pbp/cmn/itemImageDownload/1NpHokfzODi
76,나노민연질캡슐,장방형,갈색,나노민,,200904182,연질캡슐,한솔신약(주),https://nedrug.mfds.go.kr/pbp/cmn/itemImageDownload/147426422478000182
77,나로펜정(나프록센나트륨),장방형,파랑,Wal02,,199401319,정제,오스틴제약(주),https://nedrug.mfds.go.kr/pbp/cmn/itemImageDownload/1OlGSH7jthl
78,나르펜정400밀리그램(이부프로펜)(수출명:PANALTab.),원형,주황,NF,CD,198701721,정제,초당약품공업(주),https://nedrug.mfds.go.kr/pbp/cmn/itemImageDownload/1Of1OQGVYyt
79,나리센연질캡슐(나프록센),장방형,파랑,KKM,,201403877,연질캡슐,주식회사제뉴원사이언스,https://nedrug.mfds.go.kr/pbp/cmn/itemImageDownload/1NXa2J_KdEs
80,나스타제정,장방형,초록,NAS,,201707455,정제,(주)한국파마,https://nedrug.mfds.go.kr/pbp/cmn/itemImageDownload/1NhETqzLMkB
81,나스펜연질캡슐(아세트아미노펜),타원형,주황,CA NAS,,201906314,연질캡슐,조아제약(주),https://nedrug.mfds.go.kr/pbp/cmn/itemImageDownload/1Muwq7fAty_
82,나쎈연질캡슐(나프록센),장방형,초록,나쎈,,201306491,연질캡슐,신일제약(주),https://nedrug.mfds.go.kr/pbp/cmn/itemImageDownload/147426697439100109
83,나에겐연질캡슐(나프록센),장방형,주황,나에겐,,201401095,연질캡슐,(주)마더스제약,https://nedrug.mfds.go.kr/pbp/cmn/itemImageDownload/1MdYV-PxY6e
84,나프노펜정(나프록센나트륨),타원형,파랑,NN,,200500806,정제,(주)일화,https://nedrug.mfds.go.kr/pbp/cmn/itemImageDownload/1PIMRzfJr_V
85,나프록소정(나프록센나트륨),장방형,하양,NAP,275,201701248,정제,오스템파마주식회사,https://nedrug.mfds.go.kr/pbp/cmn/itemImageDownload/154817162448300012
86,나프록신정(나프록센나트륨),타원형,파랑,HIP,NLX,200204388,정제,화일약품(주),https://nedrug.mfds.go.kr/pbp/cmn/itemImageDownload/1MpNPEsu-T7
87,나프롱정(나프록센나트륨),장방형,파랑,NPRT,,199802387,정제,신일제약(주),https://nedrug.mfds.go.kr/pbp/cmn/itemImageDownload/1OlGSH7jteN
88,나프원큐에스연질캡슐(나프록센),장방형,파랑,NOQS,,202003877,연질캡슐,동아제약(주),https://nedrug.mfds.go.kr/pbp/cmn/itemImageDownload/1NoOiJmZUtt
89,나프원큐연질캡슐(나프록센),타원형,주황,NOQ,,201902876,연질캡슐,동아제약(주),https://nedrug.mfds.go.kr/pbp/cmn/itemImageDownload/1Pen6DWRNtP
90,낙센연질캡슐(나프록센),타원형,분홍,NAX,,201501592,연질캡슐,(주)종근당,https://nedrug.mfds.go.kr/pbp/cmn/itemImageDownload/1OO88JPAn_6
91,낙센정(나프록센),장방형,노랑,N250,,197500016,정제,(주)종근당,https://nedrug.mfds.go.kr/pbp/cmn/itemImageDownload/147427297681200156
92,네로민정,원형,주황,GH,NE,201201967,정제,(유)한풍제약,https://nedrug.mfds.go.kr/pbp/cmn/itemImageDownload/1NeFqpW1gi-
93,네오신정,원형,노랑,WBT,,202303220,정제,메딕스제약(주),https://nedrug.mfds.go.kr/pbp/cmn/itemImageDownload/1P2JYwFsAaf
94,네오콜캡슐,장방형,갈색 노랑,NY51 NY51,,201706691,경질캡슐,한국신텍스제약(주),https://nedrug.mfds.go.kr/pbp/cmn/itemImageDownload/151672206274500105
95,네오콜코프캡슐,장방형,파랑 하양,NY52 NY52,,201800286,경질캡슐,한국신텍스제약(주),https://nedrug.mfds.go.kr/pbp/cmn/itemImageDownload/152415243654100033
96,네오크로신연질캡슐(클로닉신리시네이트),타원형,파랑,NEO,,201803647,연질캡슐,(주)넥스팜코리아,https://nedrug.mfds.go.kr/pbp/cmn/itemImageDownload/1N8jUtEiHm-
97,네프비타정,원형,주황,DID,,199802000,정제,하이플생명과학(주),https://nedrug.mfds.go.kr/pbp/cmn/itemImageDownload/1PT7hBiMTWm
98,넥스팜염산암부록솔정(암브록솔염산염),원형,하양,AMBU,,199804331,정제,(주)넥스팜코리아,https://nedrug.mfds.go.kr/pbp/cmn/itemImageDownload/1MnfO1MVzhX
99,넥스팜탄산칼슘정(침강탄산칼슘),원형,하양,NKCA,,199804362,정제,(주)넥스팜코리아,https://nedrug.mfds.go.kr/pbp/cmn/itemImageDownload/1MbnHD7rxmm
100,넥스핀장용정100mg(아스피린),원형,하양,N^S,,201310349,정제,(주)넥스팜코리아,https://nedrug.mfds.go.kr/pbp/cmn/itemImageDownload/1P2JYwFsApr
101,넥콘600에프정,장방형,갈색,NK,600,201804383,정제,(주)넥스팜코리아,https://nedrug.mfds.go.kr/pbp/cmn/itemImageDownload/1MYVLzDTTrv
102,넬슨이부프로펜정200밀리그램(이부프로펜),원형,주황,KNP,,199501735,정제,한국넬슨제약(주),https://nedrug.mfds.go.kr/pbp/cmn/itemImageDownload/147427558691400000
103,넬슨이부프로펜정400밀리그램(이부프로펜),타원형,주황,NELSON,,199501736,정제,한국넬슨제약(주),https://nedrug.mfds.go.kr/pbp/cmn/itemImageDownload/147427558691400012
104,노량캡슐,장방형,초록 하양,NR AG,,202300042,경질캡슐,안국약품(주),https://nedrug.mfds.go.kr/pbp/cmn/itemImageDownload/1OURtchsAIC
105,노리스정(클로닉신리시네이트),원형,노랑,NR,cr,198601395,정제,지엘파마(주),https://nedrug.mfds.go.kr/pbp/cmn/itemImageDownload/1NhETqzLMc6
106,노바멜라인장용정100밀리그램(브로멜라인),원형,분홍,NV,,202301788,정제,주식회사 노바엠헬스케어,https://nedrug.mfds.go.kr/pbp/cmn/itemImageDownload/1OZV2pPArkX
107,노바프록센정(나프록센나트륨),타원형,파랑,NVM,7,202106248,정제,주식회사 노바엠헬스케어,https://nedrug.mfds.go.kr/pbp/cmn/itemImageDownload/1O0bxj5FjvT
108,노스핀캡슐,장방형,노랑,Wal C35,,200906281,경질캡슐,오스틴제약(주),https://nedrug.mfds.go.kr/pbp/cmn/itemImageDownload/147426455627800068
109,노시드정,원형,하양,YN,,202002642,정제,영진약품(주),https://nedrug.mfds.go.kr/pbp/cmn/itemImageDownload/1NOwp2F6SM0
110,노이제로정,타원형,갈색,JE^,,201701612,정제,태극제약(주),https://nedrug.mfds.go.kr/pbp/cmn/itemImageDownload/1N7WiIONw_z
111,노이텍정,타원형,갈색,E^R,,201801617,정제,아이큐어(주),https://nedrug.mfds.go.kr/pbp/cmn/itemImageDownload/1P2JYwFs9NY
112,노자임캡슐40000(판크레아틴장용성제피펠렛),장방형,갈색 주황,40,,201307930,경질캡슐,(주)한국팜비오,https://nedrug.mfds.go.kr/pbp/cmn/itemImageDownload/149723228746300092
113,노즈그린연질캡슐,타원형,노랑,GRN,,202201683,연질캡슐,코스맥스파마(주),https://nedrug.mfds.go.kr/pbp/cmn/itemImageDownload/1OQ2VIm7Wbe
114,노즈코프연질캡슐,장방형,빨강,노즈코프,,202300634,연질캡슐,태극제약(주),https://nedrug.mfds.go.kr/pbp/cmn/itemImageDownload/1OURtchspS-
115,노즈파워연질캡슐,타원형,빨강,NOSP,,201601579,연질캡슐,한솔신약(주),https://nedrug.mfds.go.kr/pbp/cmn/itemImageDownload/153339724594600013
116,노콜레스연질캡슐,타원형,초록,CANO,,200709062,연질캡슐,조아제약(주),https://nedrug.mfds.go.kr/pbp/cmn/itemImageDownload/1NOwp2F6IOz
117,노펜에스정,장방형,하양,NY11,,202203657,정제,한국신텍스제약(주),https://nedrug.mfds.go.kr/pbp/cmn/itemImageDownload/1OW18w-b01v
118,녹십자폴산정,원형,노랑,GCF,,201803375,정제,(주)녹십자,https://nedrug.mfds.go.kr/pbp/cmn/itemImageDownload/1PEPKBUce1U
119,누코미트캡슐200밀리그램(아세틸시스테인),장방형,노랑,NUC 200,,199200475,경질캡슐,(주)셀트리온제약,https://nedrug.mfds.go.kr/pbp/cmn/itemImageDownload/1OSWzHKsv_D
120,눈모아연질캡슐,타원형,갈색,IWP,,200708954,연질캡슐,(주)아이월드제약,https://nedrug.mfds.go.kr/pbp/cmn/itemImageDownload/1NOwp2F6IE9
121,뉴넥스정,원형,초록,NL,,202006971,정제,한국신텍스제약(주),
122,뉴락스에프정,원형,초록,TGNF,,202004930,정제,태극제약(주),https://nedrug.mfds.go.kr/pbp/cmn/itemImageDownload/1NNuh6mJnaU
123,뉴로친연질캡슐,장방형,노랑,뉴로친,,200301985,연질캡슐,(주)씨엠지제약,https://nedrug.mfds.go.kr/pbp/cmn/itemImageDownload/147428018612500085
124,뉴먼트에이스연질캡슐,장방형,갈색,NMT ACE,,201308209,연질캡슐,제이더블유중외제약(주),https://nedrug.mfds.go.kr/pbp/cmn/itemImageDownload/1P2JYwFs6kB
125,뉴모나정(덱스판테놀),원형,하양,NMN,,202007137,정제,경동제약(주),
126,뉴스피린장용정100밀리그램(아스피린),원형,하양,DM,^S,201801356,정제,(주)다산제약,https://nedrug.mfds.go.kr/pbp/cmn/itemImageDownload/153339721554900111
127,뉴에르도테캡슐(에르도스테인),장방형,초록 노랑,AN EDT,,201602871,경질캡슐,안국뉴팜(주),https://nedrug.mfds.go.kr/pbp/cmn/itemImageDownload/148362082166500066
128,뉴젠비싸이모정,원형,분홍,CYMO,,200301795,정제,(주)셀릭스,https://nedrug.mfds.go.kr/pbp/cmn/itemImageDownload/1NOwp2F6LXQ
129,뉴코딜정,원형,초록,NP,,201900111,정제,대한뉴팜(주),https://nedrug.mfds.go.kr/pbp/cmn/itemImageDownload/1MZGLmiMsUc
130,뉴콘틴연질캡슐,장방형,주황,KS NC,,201103116,연질캡슐,정우신약(주),https://nedrug.mfds.go.kr/pbp/cmn/itemImageDownload/1Ogz8Ct6u5F
131,뉴트리-비프리미엄정,타원형,갈색,NBP,KLN,201305371,정제,코오롱제약(주),https://nedrug.mfds.go.kr/pbp/cmn/itemImageDownload/1ODWhLtN68H
132,뉴트리액티브정,장방형,갈색,NTA,,202003327,정제,한국코러스(주),https://nedrug.mfds.go.kr/pbp/cmn/itemImageDownload/1NRstGF7DCh
133,니오틴정(비오틴),원형,하양,HS,1,202303390,정제,(주)휴온스,https://nedrug.mfds.go.kr/pbp/cmn/itemImageDownload/1P2JYwFs8uc
134,니자드정(니자티딘),원형,노랑,ENK,ND,201404327,정제,(주)이든파마,https://nedrug.mfds.go.kr/pbp/cmn/itemImageDownload/1NoOiJmZV07
135,니자티드정(니자티딘),원형,노랑,NZT 75,,200501559,정제,(주)한국파마,https://nedrug.mfds.go.kr/pbp/cmn/itemImageDownload/147765867288000094
136,니타딘정(니자티딘),원형,노랑,NKN,,200302728,정제,(주)넥스팜코리아,https://nedrug.mfds.go.kr/pbp/cmn/itemImageDownload/1PWvmOITHuh
137,다나센연질캡슐(나프록센),타원형,파랑,SNP,,201404125,연질캡슐,(주)에이프로젠바이오로직스,https://nedrug.mfds.go.kr/pbp/cmn/itemImageDownload/154176795981800053
138,다나프록센정(나프록센나트륨)(수출용),타원형,파랑,HK DN,,200705433,정제,한국코러스(주),https://nedrug.mfds.go.kr/pbp/cmn/itemImageDownload/148007720779100183
139,다리아정,원형,노랑,KY 1,,201706530,정제,한국신텍스제약(주),https://nedrug.mfds.go.kr/pbp/cmn/itemImageDownload/151672206274500117
140,다모판텐정100밀리그램(덱스판테놀) ,원형,하양,DXP,,202006701,정제,맥널티제약(주),https://nedrug.mfds.go.kr/pbp/cmn/itemImageDownload/1NhoLkusiFv
141,다비어정,원형,초록,CP5,,201602093,정제,(주)씨엠지제약,https://nedrug.mfds.go.kr/pbp/cmn/itemImageDownload/147427232964000023
142,다산알벤다졸정400밀리그램,장방형,주황,DM,A,202004224,정제,(주)다산제약,https://nedrug.mfds.go.kr/pbp/cmn/itemImageDownload/1NOwp2F66xS
143,다이락스-큐정,원형,초록,C^,,200904507,정제,조아제약(주),https://nedrug.mfds.go.kr/pbp/cmn/itemImageDownload/150834126208100140
144,다이락스쎈정,원형,초록,CA RB,,202301820,정제,조아제약(주),https://nedrug.mfds.go.kr/pbp/cmn/itemImageDownload/1OfFuJXMKWP
145,다이오친에프정,원형,보라,S^,,200400785,정제,삼아제약(주),https://nedrug.mfds.go.kr/pbp/cmn/itemImageDownload/150834130612600060
146,다이제스칸정,장방형,초록,DIS,,200905402,정제,(주)휴비스트제약,https://nedrug.mfds.go.kr/pbp/cmn/itemImageDownload/1OgmtypWWUA
147,다이제스토정,장방형,초록,DGO,,200902108,정제,화일약품(주),https://nedrug.mfds.go.kr/pbp/cmn/itemImageDownload/1OflX036cmW
148,다이제스트정,장방형,초록,MTS,PC,200200852,정제,(주)마더스제약,https://nedrug.mfds.go.kr/pbp/cmn/itemImageDownload/1N_tI6JB9dY
149,다이제틴정,원형,초록,^3,,200904689,정제,알리코제약(주),https://nedrug.mfds.go.kr/pbp/cmn/itemImageDownload/1PYFqZxFyQw
150,다졸정(알벤다졸),장방형,주황,DZT,,202002084,정제,아이큐어(주),https://nedrug.mfds.go.kr/pbp/cmn/itemImageDownload/1NB7nLey5uL
151,다펜-큐연질캡슐(이부프로펜),타원형,파랑,CADFQ,,201500673,연질캡슐,조아제약(주),https://nedrug.mfds.go.kr/pbp/cmn/itemImageDownload/1OcWuLSAyDt
152,다펜나이트연질캡슐,타원형,노랑,CA DN,,202303276,연질캡슐,조아제약(주),https://nedrug.mfds.go.kr/pbp/cmn/itemImageDownload/1P2JYwFs9iw
153,다펜덱시연질캡슐(덱시부프로펜),타원형,파랑,CA DX,,202401681,연질캡슐,조아제약(주),https://nedrug.mfds.go.kr/pbp/cmn/itemImageDownload/1PEPKBUcjg9
154,다펜캡슐(이부프로펜)(수출용),장방형,초록 하양,CHO-A DAF,,200003489,경질캡슐,조아제약(주),https://nedrug.mfds.go.kr/pbp/cmn/itemImageDownload/1Oi0vWfEyhP
155,다푸러펜정,원형,하양,CH24,,202400957,정제,경남제약(주),
156,단자민정(디펜히드라민염산염),장방형,하양,KDC,DZ,200808028,정제,고려제약(주),https://nedrug.mfds.go.kr/pbp/cmn/itemImageDownload/147427921494800068
157,담엔쿨정,원형,하양,SK,,202400780,정제,에스케이케미칼(주),https://nedrug.mfds.go.kr/pbp/cmn/itemImageDownload/1P2JYwFsBve
158,대웅바이오덱시부프로펜정300밀리그램,장방형,하양,DWB D300,,202003642,정제,대웅바이오(주),https://nedrug.mfds.go.kr/pbp/cmn/itemImageDownload/1P3diGKSDU4
159,대웅바이오아스피린장용정100밀리그램,원형,하양,DWB A,,201803126,정제,대웅바이오(주),https://nedrug.mfds.go.kr/pbp/cmn/itemImageDownload/154242315129600012
160,대웅바이오알마게이트정500밀리그램,장방형,하양,DWB,AMG,201908540,정제,대웅바이오(주),https://nedrug.mfds.go.kr/pbp/cmn/itemImageDownload/1P2JYwFs7mZ
161,대웅우루사연질캡슐,장방형,초록,우루사,,197000040,연질캡슐,(주)대웅제약,https://nedrug.mfds.go.kr/pbp/cmn/itemImageDownload/1PEPKBUcd74
162,더게인디정,원형,초록,BI,DG,201907628,정제,(주)바이넥스,https://nedrug.mfds.go.kr/pbp/cmn/itemImageDownload/1NQk_pnr9-O
163,더게인정,원형,하양,BI,DG,201901973,정제,(주)바이넥스,https://nedrug.mfds.go.kr/pbp/cmn/itemImageDownload/1MmZCvzws6j
164,더마화이트정,원형,하양,T,C,200906642,정제,현대약품(주),https://nedrug.mfds.go.kr/pbp/cmn/itemImageDownload/147426455627900033
165,더블락캡슐,장방형,노랑,더블락 더블락,,201109596,경질캡슐,일양약품(주),https://nedrug.mfds.go.kr/pbp/cmn/itemImageDownload/147426587165200087
166,더블액티브정,장방형,갈색,HKA,,201801695,정제,한국코러스(주),https://nedrug.mfds.go.kr/pbp/cmn/itemImageDownload/153391561594900009
167,더블유녹스정(글루타티온(환원형)),원형,하양,HUV,G,201904177,정제,(주)휴비스트제약,https://nedrug.mfds.go.kr/pbp/cmn/itemImageDownload/1NNuh6mJovq
168,더블자임정,원형,초록,SK,DJ,201606067,정제,에스케이케미칼(주),https://nedrug.mfds.go.kr/pbp/cmn/itemImageDownload/1OGYzwP1-BC
169,더판디탈정,원형,초록,SIL,T,202302687,정제,신일제약(주),https://nedrug.mfds.go.kr/pbp/cmn/itemImageDownload/1OkkrHMePLL
170,데카키논캡슐(유비데카레논),장방형,주황 노랑,DEC DEC,,197800027,경질캡슐,에이치케이이노엔(주),https://nedrug.mfds.go.kr/pbp/cmn/itemImageDownload/1N266HhBiUg
171,데코라펜연질캡슐(덱시부프로펜),장방형,노랑,JRP,,200401219,연질캡슐,(주)비보존제약,https://nedrug.mfds.go.kr/pbp/cmn/itemImageDownload/147428109443000164
172,덱사펜정(덱시부프로펜),장방형,분홍,HN,DXF,200100417,정제,하나제약(주),https://nedrug.mfds.go.kr/pbp/cmn/itemImageDownload/1PPb53M-tRh
173,덱스녹실정(덱스판테놀),원형,하양,DEL,,202004385,정제,현대약품(주),https://nedrug.mfds.go.kr/pbp/cmn/itemImageDownload/1NXVKYFvlMP
174,덱스렌정(덱시부프로펜디.씨.),장방형,주황,^UK,DXB,201602068,정제,(주)오스코리아제약,https://nedrug.mfds.go.kr/pbp/cmn/itemImageDownload/1Mf9b53Dgmt
175,덱스원큐에스연질캡슐(덱시부프로펜),장방형,파랑,DOQS,,202003788,연질캡슐,동아제약(주),https://nedrug.mfds.go.kr/pbp/cmn/itemImageDownload/1NvwvvpEO07
176,덱스원큐연질캡슐(덱시부프로펜),타원형,파랑,DOQ,,201902982,연질캡슐,동아제약(주),https://nedrug.mfds.go.kr/pbp/cmn/itemImageDownload/1MncJAM5kN5
177,덱스쿨연질캡슐(덱시부프로펜),타원형,파랑,IYDX,,200905351,연질캡슐,일양약품(주),https://nedrug.mfds.go.kr/pbp/cmn/itemImageDownload/1N-vZRnyppE
178,덱스프리연질캡슐(덱시부프로펜),장방형,초록,DF300,,201904806,연질캡슐,(주)필인터내셔널,https://nedrug.mfds.go.kr/pbp/cmn/itemImageDownload/1On2ryplIfT
179,덱스피드연질캡슐(덱시부프로펜),타원형,파랑,YH DXP,,201110646,연질캡슐,(주)유한양행,https://nedrug.mfds.go.kr/pbp/cmn/itemImageDownload/1OCxjzi8sHI
180,덱시로펜정(덱시부프로펜),장방형,분홍,DPC,,200400135,정제,동광제약(주),https://nedrug.mfds.go.kr/pbp/cmn/itemImageDownload/147427738395000175
181,덱시부펜연질캡슐(덱시부프로펜),타원형,파랑,JI DB,,200809274,연질캡슐,제일헬스사이언스(주),https://nedrug.mfds.go.kr/pbp/cmn/itemImageDownload/1O5i42zbIha
182,덱시엔연질캡슐(덱시부프로펜),타원형,파랑,SK DEX,,200900041,연질캡슐,에스케이케미칼(주),https://nedrug.mfds.go.kr/pbp/cmn/itemImageDownload/1PZ4l5sRYgm
183,덱시원연질캡슐(덱시부프로펜),타원형,파랑,덱시원,,200808462,연질캡슐,한국코러스(주),https://nedrug.mfds.go.kr/pbp/cmn/itemImageDownload/1Mq-1T3NO-a
184,덱시푸루펜연질캡슐(덱시부프로펜),장방형,노랑,YDP,,201110516,연질캡슐,영진약품(주),https://nedrug.mfds.go.kr/pbp/cmn/itemImageDownload/1NDXmGS9fJO
185,덱시프렌드연질캡슐(덱시부프로펜),장방형,파랑,덱시프렌드,,201503809,연질캡슐,부광약품(주),https://nedrug.mfds.go.kr/pbp/cmn/itemImageDownload/147427082737900120
186,덱쎈연질캡슐(덱시부프로펜),장방형,파랑,DEXEN,,201401248,연질캡슐,(주)마더스제약,https://nedrug.mfds.go.kr/pbp/cmn/itemImageDownload/147426847266800078
187,덱펜정(덱시부프로펜),장방형,분홍,Kb,D300,201701383,정제,(주)경보제약,https://nedrug.mfds.go.kr/pbp/cmn/itemImageDownload/150160203116300165
188,덴스롤캡슐,장방형,초록,SK Dent,,200201998,경질캡슐,에스케이케미칼(주),https://nedrug.mfds.go.kr/pbp/cmn/itemImageDownload/1Nkd205G5Wp
189,덴스민캡슐,장방형,초록,PK-B PK-B,,199702621,경질캡슐,(주)한국파비스제약,https://nedrug.mfds.go.kr/pbp/cmn/itemImageDownload/151672211034800040
190,덴스트롱캡슐,장방형,노랑,KB DS,,201604914,경질캡슐,경방신약(주),https://nedrug.mfds.go.kr/pbp/cmn/itemImageDownload/148794218042700191
191,덴카바캡슐,장방형,파랑,알리코 덴카바,,200503125,경질캡슐,알리코제약(주),https://nedrug.mfds.go.kr/pbp/cmn/itemImageDownload/147428292906000008
192,덴타나캡슐,장방형,노랑,덴타나,,201502962,경질캡슐,원광제약(주),https://nedrug.mfds.go.kr/pbp/cmn/itemImageDownload/149926923197200014
193,덴타민캡슐,장방형,갈색,DENTAMIN DENTAMIN,,200300953,경질캡슐,일양약품(주),https://nedrug.mfds.go.kr/pbp/cmn/itemImageDownload/151611724261900057
194,덴타자임캡슐,장방형,노랑,YH DTZ,,200607736,경질캡슐,(주)유한양행,https://nedrug.mfds.go.kr/pbp/cmn/itemImageDownload/147428312450900074
195,덴타칸캡슐,장방형,파랑,NK DTC,,200904003,경질캡슐,(주)넥스팜코리아,https://nedrug.mfds.go.kr/pbp/cmn/itemImageDownload/147426422478000106
196,덴타포스캡슐,장방형,갈색,KDC DTF,,200201771,경질캡슐,고려제약(주),https://nedrug.mfds.go.kr/pbp/cmn/itemImageDownload/1MwjLoFp4cQ
197,덴탑플러스캡슐,장방형,갈색,덴탑플러스 덴탑플러스,,200906301,경질캡슐,(유)한풍제약,https://nedrug.mfds.go.kr/pbp/cmn/itemImageDownload/1NOwp2F6FDp
198,덴트큐캡슐,장방형,파랑,KLN DTQ,,200811885,경질캡슐,코오롱제약(주),https://nedrug.mfds.go.kr/pbp/cmn/itemImageDownload/147426407360700120
199,덴티나인캡슐,장방형,노랑,YJP DTN,,200500882,경질캡슐,영진약품(주),https://nedrug.mfds.go.kr/pbp/cmn/itemImageDownload/147428277917100196
200,덴티드에프캡슐,장방형,파랑,EK2 DTD,,201502798,경질캡슐,(주)이든파마,https://nedrug.mfds.go.kr/pbp/cmn/itemImageDownload/147427065184100077
201,덴티몬캡슐,장방형,파랑,KBP KBP,,200403718,경질캡슐,(주)경보제약,https://nedrug.mfds.go.kr/pbp/cmn/itemImageDownload/147428312450900098
202,덴티에프캡슐,장방형,갈색,Crw Den F,,200502646,경질캡슐,지엘파마(주),https://nedrug.mfds.go.kr/pbp/cmn/itemImageDownload/151672201851500035
203,덴티엔플러스캡슐,장방형,노랑,IHP DP,,200300598,경질캡슐,(주)일화,https://nedrug.mfds.go.kr/pbp/cmn/itemImageDownload/150669967673500016
204,덴티큐어캡슐,장방형,파랑,DTQ DTQ,,201405454,경질캡슐,아이큐어(주),https://nedrug.mfds.go.kr/pbp/cmn/itemImageDownload/1NOwp2F6HRJ
205,덴티하이캡슐,장방형,노랑,Denti High,,200707923,경질캡슐,(주)서흥,https://nedrug.mfds.go.kr/pbp/cmn/itemImageDownload/151611733843800000
206,덴파사캡슐,장방형,파랑,DA DPS,,200708081,경질캡슐,동아제약(주),https://nedrug.mfds.go.kr/pbp/cmn/itemImageDownload/1MrFeLzYHro
207,덴퍼스골드캡슐,장방형,노랑,덴퍼스 골드,,201404885,경질캡슐,한국코러스(주),https://nedrug.mfds.go.kr/pbp/cmn/itemImageDownload/147426948856300174
208,덴플러스포르테캡슐,장방형,파랑,ETX DF,,200808774,경질캡슐,(주)테라젠이텍스,https://nedrug.mfds.go.kr/pbp/cmn/itemImageDownload/147427931156600158
209,도나펜에프연질캡슐,타원형,파랑,도나펜F,,202200707,경질캡슐,(주)서흥,https://nedrug.mfds.go.kr/pbp/cmn/itemImageDownload/1OZ25fiXcB-
210,도스틴캡슐(에르도스테인),장방형,초록 노랑,SA DST,,200300579,경질캡슐,삼아제약(주),https://nedrug.mfds.go.kr/pbp/cmn/itemImageDownload/1Og9J5dfYya
211,독립목클린캡슐200밀리그램(아세틸시스테인),장방형,하양,DLB ACC,,201900187,경질캡슐,독립바이오제약(주),https://nedrug.mfds.go.kr/pbp/cmn/itemImageDownload/1Me1jz_9peU
212,동광세티리진염산염정,장방형,하양,DK,,200000242,정제,동광제약(주),https://nedrug.mfds.go.kr/pbp/cmn/itemImageDownload/147427748827800002
213,동성에르도스테인캡슐(에르도스테인),장방형,초록 노랑,DS ERD,,201606935,경질캡슐,동성제약(주),https://nedrug.mfds.go.kr/pbp/cmn/itemImageDownload/149347908275600196
214,동성정로환에프정,원형,하양,JF,,201803204,정제,동성제약(주),https://nedrug.mfds.go.kr/pbp/cmn/itemImageDownload/1MksuF0DXLY
215,두스카정,타원형,하양,NS 2,,200502014,정제,한국넬슨제약(주),https://nedrug.mfds.go.kr/pbp/cmn/itemImageDownload/147428288104000140
216,두캅스에이연질캡슐,타원형,초록,DS,,200403642,연질캡슐,(주)알피바이오,https://nedrug.mfds.go.kr/pbp/cmn/itemImageDownload/1PEPKBUclc5
217,둘코라인정,장방형,하양,HT,DL,201802851,정제,한국휴텍스제약(주),https://nedrug.mfds.go.kr/pbp/cmn/itemImageDownload/1PEPKBUcg8v
218,둘코락스에스장용정,원형,노랑,N47,,200906478,정제,오펠라헬스케어코리아(주),https://nedrug.mfds.go.kr/pbp/cmn/itemImageDownload/1O597tTUEdP
219,듀얼싹플러스장용연질캡슐,타원형,초록,JHDP,,202402049,연질캡슐,제일헬스사이언스(주),https://nedrug.mfds.go.kr/pbp/cmn/itemImageDownload/1PEPKBUcjjz
220,듀얼파모정,장방형,초록,KDF,,202105229,정제,광동제약(주),https://nedrug.mfds.go.kr/pbp/cmn/itemImageDownload/1NjeveJRSPL
221,듀오그린엘정,원형,초록,KY5,,202203713,정제,한국신텍스제약(주),https://nedrug.mfds.go.kr/pbp/cmn/itemImageDownload/1OlGSH7jtVN
222,듀오그린정,원형,초록,KY 2,,201706690,정제,한국신텍스제약(주),https://nedrug.mfds.go.kr/pbp/cmn/itemImageDownload/152415243654100039
223,듀오그린큐정,원형,초록,KY7,,202203581,정제,한국신텍스제약(주),https://nedrug.mfds.go.kr/pbp/cmn/itemImageDownload/1OlGSH7jtV5
224,듀오락스정,원형,노랑,YI5,,199302061,정제,영일제약(주),https://nedrug.mfds.go.kr/pbp/cmn/itemImageDownload/1OLYZI_IeJ7
225,듀오레정,원형,노랑,NK,,202200589,정제,(주)넥스팜코리아,https://nedrug.mfds.go.kr/pbp/cmn/itemImageDownload/1O597tTU05B
226,듀오레캡슐,장방형,노랑 하양,NK DUO,,201602342,경질캡슐,(주)넥스팜코리아,https://nedrug.mfds.go.kr/pbp/cmn/itemImageDownload/1MnfO1MVziv
227,듀오레플러스정,원형,노랑,NKO,,202200648,정제,(주)넥스팜코리아,https://nedrug.mfds.go.kr/pbp/cmn/itemImageDownload/1O597tTU04v
228,듀오스탑캡슐,장방형,노랑,DUO DUO,,202400117,경질캡슐,(주)다산제약,https://nedrug.mfds.go.kr/pbp/cmn/itemImageDownload/1P2JYwFs6m-
229,드림굿연질캡슐(디펜히드라민염산염),타원형,파랑,드림굿,,202301154,연질캡슐,경방신약(주),https://nedrug.mfds.go.kr/pbp/cmn/itemImageDownload/1OtGiHsZj_6
230,디렉스정,장방형,파랑,2RX,,202401329,정제,동성제약(주),https://nedrug.mfds.go.kr/pbp/cmn/itemImageDownload/1PEPKBUccpg
231,디소론캡슐(디오스민),장방형,하양,KK DIO,,201405439,경질캡슐,주식회사제뉴원사이언스,https://nedrug.mfds.go.kr/pbp/cmn/itemImageDownload/1NXa2J_KdFi
232,디오라인정600밀리그램(디오스민),장방형,분홍,DaL,,202201755,정제,동아제약(주),https://nedrug.mfds.go.kr/pbp/cmn/itemImageDownload/1PEQqCYJLPU
233,디오맥스정600밀리그램(디오스민),장방형,분홍,DaD,,201906140,정제,풍림무약(주),https://nedrug.mfds.go.kr/pbp/cmn/itemImageDownload/1OqO4sCY2JS
234,디오치민정(디오스민),원형,분홍,IY,6,202302041,정제,일양약품(주),https://nedrug.mfds.go.kr/pbp/cmn/itemImageDownload/1Of5opuN518
235,디유비정,원형,파랑,BUD,,201700836,정제,(주)휴온스,https://nedrug.mfds.go.kr/pbp/cmn/itemImageDownload/149085618332800060
236,디카돌정,장방형,초록,KPP,D,202401259,정제,한국프라임제약(주),https://nedrug.mfds.go.kr/pbp/cmn/itemImageDownload/1PEPKBUclSF
237,디카듀오정100/1000,장방형,초록,DWB,DC,202005599,정제,대웅바이오(주),https://nedrug.mfds.go.kr/pbp/cmn/itemImageDownload/1NTIAOi__04
238,디카렉정,장방형,초록,LCB,,201901368,정제,(주)바스칸바이오제약,https://nedrug.mfds.go.kr/pbp/cmn/itemImageDownload/1OMgytrjilu
239,디카본100정,장방형,초록,TW7,,201703064,정제,코스맥스파마(주),https://nedrug.mfds.go.kr/pbp/cmn/itemImageDownload/150471247127400059
240,디카본300정,타원형,초록,TW3,,201703065,정제,코스맥스파마(주),https://nedrug.mfds.go.kr/pbp/cmn/itemImageDownload/150471247127400053
241,디카본500정,장방형,초록,TW6,,201703066,정제,코스맥스파마(주),https://nedrug.mfds.go.kr/pbp/cmn/itemImageDownload/150471247127400065
242,디카엠정,원형,분홍,MJ,1,201303989,정제,(주)마더스제약,https://nedrug.mfds.go.kr/pbp/cmn/itemImageDownload/147426676298300011
243,디카킴디정,장방형,초록,KIM,100,202107747,정제,(주)킴스제약,https://nedrug.mfds.go.kr/pbp/cmn/itemImageDownload/1OANLAkAEmI
244,디카틴정(엘카르니틴),원형,하양,DCT,,200809786,정제,대한뉴팜(주),https://nedrug.mfds.go.kr/pbp/cmn/itemImageDownload/1OlOLWGgcPO
245,디큐펜맥스연질캡슐,장방형,주황,DQP-M,,202200793,연질캡슐,(주)알피바이오,https://nedrug.mfds.go.kr/pbp/cmn/itemImageDownload/1O7oG5g7jl4
246,디큐펜맥스정500밀리그램(아세트아미노펜),장방형,하양,Q-pen,,202301097,정제,(주)알피바이오,https://nedrug.mfds.go.kr/pbp/cmn/itemImageDownload/1OW5q-P0Ihj
247,디큐펜프로나이트연질캡슐,타원형,노랑,QP.N,,202100359,연질캡슐,(주)알피바이오,https://nedrug.mfds.go.kr/pbp/cmn/itemImageDownload/1OmM2OP_0YU
248,디큐펜프로연질캡슐(이부프로펜),타원형,파랑,QP,,201005773,연질캡슐,(주)알피바이오,https://nedrug.mfds.go.kr/pbp/cmn/itemImageDownload/1OlyW7wP-ni
249,디펙타민연질캡슐(디펜히드라민염산염),타원형,파랑,DFT, ,200807882,연질캡슐,(주)알피바이오,https://nedrug.mfds.go.kr/pbp/cmn/itemImageDownload/1OgmtypWWYO
250,디펜콜에이캡슐,장방형,파랑 하양,DPA DPA,,200400904,경질캡슐,동성제약(주),https://nedrug.mfds.go.kr/pbp/cmn/itemImageDownload/148189193209300021
251,디퓨탭서방정(이부프로펜),장방형,하양,ISR,,200001172,정제,동성제약(주),https://nedrug.mfds.go.kr/pbp/cmn/itemImageDownload/1P2JYwFs7FN
252,디퓨텐연질캡슐(덱시부프로펜),장방형,노랑,디퓨텐,,200905055,연질캡슐,동성제약(주),https://nedrug.mfds.go.kr/pbp/cmn/itemImageDownload/1NOwp2F68Cb
253,라니아정,원형,분홍,,,201109654,정제,현대약품(주),https://nedrug.mfds.go.kr/pbp/cmn/itemImageDownload/148431162903300184
254,라시도필캡슐,장방형,하양,LCF,,200611395,경질캡슐,(주)한국팜비오,https://nedrug.mfds.go.kr/pbp/cmn/itemImageDownload/1MqVySVqRfG
255,라이켄캡슐500mg(바실루스리케니포르미스균),장방형,초록,BMI 116,,200802513,경질캡슐,(주)한국비엠아이,https://nedrug.mfds.go.kr/pbp/cmn/itemImageDownload/1MwjLoFp4x4
256,라투딘정75밀리그램(라니티딘염산염),원형,분홍,MM,75,201602551,정제,명문제약(주),https://nedrug.mfds.go.kr/pbp/cmn/itemImageDownload/147316560789700010
257,락비오캡슐(바실루스리케니포르미스균),장방형,하양,CP 락비오,,201802700,경질캡슐,(주)씨엠지제약,https://nedrug.mfds.go.kr/pbp/cmn/itemImageDownload/154272840543500005
258,락서스정,타원형,하양,AG,,201507418,정제,안국약품(주),
259,락스타더블캡슐(락토바실루스카제이변종람노수스의동결건조배양물),장방형,하양,KL LASR2,,202202007,경질캡슐,코오롱제약(주),https://nedrug.mfds.go.kr/pbp/cmn/itemImageDownload/1O597tTU043
260,락스타캡슐(락토바실루스카제이변종람노수스의동결건조배양물),장방형,하양,KL LASR,,201800675,경질캡슐,코오롱제약(주),https://nedrug.mfds.go.kr/pbp/cmn/itemImageDownload/154367884505000054
261,락시러스캡슐(바실루스리케니포르미스균),장방형,하양,HT LCR,,201500685,경질캡슐,한국휴텍스제약(주),https://nedrug.mfds.go.kr/pbp/cmn/itemImageDownload/1PQoG7qcUFS
262,락토그린정,원형,노랑,sr,T,202201864,정제,(주)시어스제약,https://nedrug.mfds.go.kr/pbp/cmn/itemImageDownload/1OCxjzi8rtg
263,락토더블캡슐(락토바실루스카제이변종람노수스의동결건조배양물),장방형,하양,2K LAC,,202202634,경질캡슐,건일바이오팜주식회사,https://nedrug.mfds.go.kr/pbp/cmn/itemImageDownload/1OANLAkAEj4
264,락토딘캡슐,장방형,노랑,락토딘 락토딘,,201508035,경질캡슐,한솔신약(주),https://nedrug.mfds.go.kr/pbp/cmn/itemImageDownload/147427158517500061
265,락토딘프리미엄정,원형,노랑,T49,,202204535,정제,한솔신약(주),https://nedrug.mfds.go.kr/pbp/cmn/itemImageDownload/1OhN7YNFLtV
266,락토민지캡슐(바실루스리케니포르미스균),장방형,하양,LTO-G LTO-G,,201505072,경질캡슐,영풍제약(주),https://nedrug.mfds.go.kr/pbp/cmn/itemImageDownload/147427100481600155
267,락토셀캡슐(바실루스리케니포르미스균),장방형,하양,JH 02,,201507631,경질캡슐,(주)중헌제약,https://nedrug.mfds.go.kr/pbp/cmn/itemImageDownload/148682304213600099
268,락토스탑정,원형,노랑,CD,L,202203884,정제,초당약품공업(주),https://nedrug.mfds.go.kr/pbp/cmn/itemImageDownload/1OQdQ5pDcQ-
269,락토엔큐캡슐(바실루스리케니포르미스균),장방형,하양,DWP L250,,201602610,경질캡슐,대원제약(주),https://nedrug.mfds.go.kr/pbp/cmn/itemImageDownload/151810441495000003
270,락토웰장용캡슐(바실루스서브틸리스균·엔테로코쿠스페슘균배양물),장방형,초록 하양,CKD LTW,,200400118,경질캡슐(장용),(주)종근당,https://nedrug.mfds.go.kr/pbp/cmn/itemImageDownload/147428142941300086
271,락토폴정,원형,노랑,EN,,202202031,정제,(주)이든파마,https://nedrug.mfds.go.kr/pbp/cmn/itemImageDownload/1ODWhLtN5-W
272,락토폴플러스정,원형,노랑,ENP,,202201988,정제,(주)이든파마,https://nedrug.mfds.go.kr/pbp/cmn/itemImageDownload/1ODWhLtN5-z
273,락토필캡슐300밀리그램(락토바실루스아시도필루스균),장방형,하양 회색,IWP LAC,,201801769,경질캡슐,(주)아이월드제약,https://nedrug.mfds.go.kr/pbp/cmn/itemImageDownload/153002376643000018
274,"람노스캡슐(락토바실루스카제이변종람노수스)(수출명1: 올바이오캡슐, 수출명2: 안티비오포르테캡슐)",장방형,하양,Hanwha LCR,,200301486,경질캡슐,한화제약(주),https://nedrug.mfds.go.kr/pbp/cmn/itemImageDownload/151326603582900087
275,람노스캡슐500밀리그램(락토바실루스카제이변종람노수스),장방형,하양 파랑,Hanwha LCR5,,201700802,경질캡슐,한화제약(주),https://nedrug.mfds.go.kr/pbp/cmn/itemImageDownload/149875082827600115
276,랑스씨씨정,원형,하양,DSM,,200808511,정제,동성제약(주),https://nedrug.mfds.go.kr/pbp/cmn/itemImageDownload/154065480339900018
277,래피콜노즈연질캡슐,타원형,노랑,RAPN,,201401826,연질캡슐,(주)유한양행,https://nedrug.mfds.go.kr/pbp/cmn/itemImageDownload/1On2ryplIlf
278,래피콜데이앤나잇연질캡슐,장방형,빨강,RPC Day,,201205838,연질캡슐,(주)유한양행,https://nedrug.mfds.go.kr/pbp/cmn/itemImageDownload/147426616587000149
279,래피콜에이캡슐,장방형,주황 하양,YH RPC-A,,200605371,경질캡슐,(주)유한양행,https://nedrug.mfds.go.kr/pbp/cmn/itemImageDownload/151611733843800078
280,래피콜코프플러스연질캡슐,타원형,노랑,코프+,,201902261,연질캡슐,(주)유한양행,https://nedrug.mfds.go.kr/pbp/cmn/itemImageDownload/1Oo7XeTdk3p
281,래피콜콜드연질캡슐,타원형,빨강,RAPI,,202203017,연질캡슐,(주)유한양행,https://nedrug.mfds.go.kr/pbp/cmn/itemImageDownload/1OGYzwP1-CK
282,러지텍정(세티리진염산염),장방형,하양,DID,DID,199802009,정제,하이플생명과학(주),https://nedrug.mfds.go.kr/pbp/cmn/itemImageDownload/1ODbTllnhAw
283,레날민정,타원형,노랑,ID r,,199900351,정제,일동제약(주),https://nedrug.mfds.go.kr/pbp/cmn/itemImageDownload/1NOwp2F6HcE
284,레드넥콜연질캡슐,장방형,빨강,레드넥콜,,201905292,연질캡슐,(주)알피바이오,https://nedrug.mfds.go.kr/pbp/cmn/itemImageDownload/1Pb3fw5iUTp
285,레드코프에프연질캡슐,장방형,빨강,레드코프F,,201300037,연질캡슐,(주)알피바이오,https://nedrug.mfds.go.kr/pbp/cmn/itemImageDownload/147426658237900027
286,레드콜연질캡슐,장방형,빨강,RDC,,200608328,연질캡슐,(주)알피바이오,https://nedrug.mfds.go.kr/pbp/cmn/itemImageDownload/1MdYV-PxYnO
287,레디비타정,장방형,갈색,NELSON,,199702118,정제,한국넬슨제약(주),https://nedrug.mfds.go.kr/pbp/cmn/itemImageDownload/147427738395000051
288,레디페린-에프캡슐,장방형,빨강,LFC SAMJIN,,200501573,경질캡슐,삼진제약(주),https://nedrug.mfds.go.kr/pbp/cmn/itemImageDownload/151672211034800118
289,레모나씨플러스정,장방형,노랑,KNL,,201505608,정제,경남제약(주),https://nedrug.mfds.go.kr/pbp/cmn/itemImageDownload/147427106970700134
290,레베스정,장방형,갈색,IWP,,201700854,정제,(주)아이월드제약,https://nedrug.mfds.go.kr/pbp/cmn/itemImageDownload/148907400873300038
291,레보시톤연질캡슐(엘-시스틴),장방형,갈색,YPL,,198902101,연질캡슐,영풍제약(주),https://nedrug.mfds.go.kr/pbp/cmn/itemImageDownload/147809054104100134
292,레스톨캡슐,장방형,파랑,MM LST,,200202720,경질캡슐,명문제약(주),https://nedrug.mfds.go.kr/pbp/cmn/itemImageDownload/147427858033600025
293,레이디원연질캡슐,장방형,하양,레이디원,,201801498,연질캡슐,제일헬스사이언스(주),https://nedrug.mfds.go.kr/pbp/cmn/itemImageDownload/152795406231200063
294,레이디퀸연질캡슐,장방형,파랑,APG PK,,201708080,연질캡슐,(주)에이프로젠바이오로직스,https://nedrug.mfds.go.kr/pbp/cmn/itemImageDownload/152345165220300058
295,레티코연질캡슐,타원형,빨강,레티코,,201902786,연질캡슐,(주)서흥,https://nedrug.mfds.go.kr/pbp/cmn/itemImageDownload/1OeD8xwOeOO
296,레티코프연질캡슐,타원형,파랑,레티코프,,201902787,연질캡슐,(주)서흥,https://nedrug.mfds.go.kr/pbp/cmn/itemImageDownload/1OeD8xwOeO6
297,레티콜연질캡슐,타원형,노랑,레티콜,,201902788,연질캡슐,(주)서흥,https://nedrug.mfds.go.kr/pbp/cmn/itemImageDownload/1OeD8xwOeOg
298,레피즈캡슐(니푸록사지드),장방형,노랑,RAPIZ SAMJIN,,199901519,경질캡슐,삼진제약(주),https://nedrug.mfds.go.kr/pbp/cmn/itemImageDownload/151317992996500094
299,렉센엔캡슐(디오스민),장방형,하양,RXN HL,,201604350,경질캡슐,한림제약(주),https://nedrug.mfds.go.kr/pbp/cmn/itemImageDownload/148059606616100096
300,렉스민캡슐(디오스민) ,장방형,초록,sr DIO,,201906924,경질캡슐,(주)시어스제약,https://nedrug.mfds.go.kr/pbp/cmn/itemImageDownload/1OQdQ5pD5HE
301,렉스펜에스정,원형,하양,T72,,202400777,정제,한솔신약(주),https://nedrug.mfds.go.kr/pbp/cmn/itemImageDownload/1P3diGKSD9D
302,렘피드캡슐(에르도스테인),장방형,초록 노랑,MTS LMP,,201605007,경질캡슐,(주)마더스제약,https://nedrug.mfds.go.kr/pbp/cmn/itemImageDownload/147446607885900111
303,렛잇비프로원정,장방형,노랑,LEO,,202400657,정제,(주)대웅제약,https://nedrug.mfds.go.kr/pbp/cmn/itemImageDownload/1P2JYwFs7M7
304,렛잇비프로정,장방형,노랑,LEP,,202108018,정제,(주)대웅제약,https://nedrug.mfds.go.kr/pbp/cmn/itemImageDownload/1Nx4Buwxt6B
305,로나코프연질캡슐,타원형,초록,로나코프,,201907014,연질캡슐,(주)서흥,https://nedrug.mfds.go.kr/pbp/cmn/itemImageDownload/1OUz3s18TeJ
306,로나콜연질캡슐,타원형,빨강,로나콜,,201907024,연질캡슐,(주)서흥,https://nedrug.mfds.go.kr/pbp/cmn/itemImageDownload/1OUz3s18Te1
307,로노펜300연질캡슐(덱시부프로펜),장방형,초록,RNP,,200904082,연질캡슐,태극제약(주),https://nedrug.mfds.go.kr/pbp/cmn/itemImageDownload/147426422478000130
308,로노펜정(덱시부프로펜),장방형,주황,TG,RNP,200100922,정제,태극제약(주),https://nedrug.mfds.go.kr/pbp/cmn/itemImageDownload/1OmQimQ2ns6
309,로라딘연질캡슐(로라타딘),타원형,파랑,RDS,,201507693,연질캡슐,한솔신약(주),https://nedrug.mfds.go.kr/pbp/cmn/itemImageDownload/147427135487800118
310,로메라제장용정(브로멜라인),원형,분홍,RM,,202003298,정제(장용정),동국제약(주),https://nedrug.mfds.go.kr/pbp/cmn/itemImageDownload/1PEvx-atJp5
311,로멜라인장용정(브로멜라인),원형,분홍,SK,,201907883,정제(장용정),에스케이케미칼(주),https://nedrug.mfds.go.kr/pbp/cmn/itemImageDownload/1PEPKBUcmIL
312,로비탈연질캡슐,장방형,갈색,로비탈,,199701488,연질캡슐,(주)동구바이오제약,https://nedrug.mfds.go.kr/pbp/cmn/itemImageDownload/147809049909500136
313,로스테인캡슐(아세틸시스테인),장방형,파랑 하양,INT A23,,201802446,경질캡슐,(주)인트로바이오파마,https://nedrug.mfds.go.kr/pbp/cmn/itemImageDownload/153676681538000066
314,로얄비타연질캡슐,장방형,갈색,DC VITA,,201003571,연질캡슐,(주)동구바이오제약,https://nedrug.mfds.go.kr/pbp/cmn/itemImageDownload/147426497267800082
315,로젠연질캡슐(나프록센),타원형,파랑,LO-ZEN,,201700401,연질캡슐,정우신약(주),https://nedrug.mfds.go.kr/pbp/cmn/itemImageDownload/150825481273400132
316,로젤민연질캡슐(수출명:EROJELLMIN),타원형,초록,ALPHA,,200301993,연질캡슐,알파제약(주),https://nedrug.mfds.go.kr/pbp/cmn/itemImageDownload/1Mp3yEn24Bo
317,로콜연질캡슐,타원형,주황,MML,,200502669,연질캡슐,명문제약(주),https://nedrug.mfds.go.kr/pbp/cmn/itemImageDownload/147428171237500176
318,로파인캡슐(로페라미드염산염),장방형,하양,TG LOPA,,197800212,경질캡슐,태극제약(주),https://nedrug.mfds.go.kr/pbp/cmn/itemImageDownload/148604293243500073
319,로페도에프캡슐,장방형,노랑,MTS 로페도에프,,201604010,경질캡슐,(주)마더스제약,https://nedrug.mfds.go.kr/pbp/cmn/itemImageDownload/147446607885900081
320,로페랄연질캡슐,장방형,갈색,PK-A,,199702618,연질캡슐,(주)한국파비스제약,https://nedrug.mfds.go.kr/pbp/cmn/itemImageDownload/154661651931000064
321,로페리놀에스캡슐,장방형,노랑,로페리놀S IB,,201604211,경질캡슐,일양바이오팜(주),https://nedrug.mfds.go.kr/pbp/cmn/itemImageDownload/147541209851800129
322,로프민캡슐(로페라미드염산염),장방형,하양,LPM LPM,,197600412,경질캡슐,영일제약(주),https://nedrug.mfds.go.kr/pbp/cmn/itemImageDownload/1N-191WfV1w
323,로피딘캡슐(로페라미드염산염)(수출용),장방형,하양,white LOP,,201404888,경질캡슐,(주)화이트생명과학,https://nedrug.mfds.go.kr/pbp/cmn/itemImageDownload/147426948856300177
324,루비돌플러스캡슐,장방형,파랑,Wal C51,,201602120,경질캡슐,오스틴제약(주),https://nedrug.mfds.go.kr/pbp/cmn/itemImageDownload/154756236810300095
325,루치온정50밀리그램(글루타티온(환원형)),원형,하양,50,LU,202001466,정제,대한뉴팜(주),https://nedrug.mfds.go.kr/pbp/cmn/itemImageDownload/1NNuh6mJnUg
326,루피엔연질캡슐(이부프로펜),타원형,파랑,LCB6,,202005496,연질캡슐,(주)바스칸바이오제약,https://nedrug.mfds.go.kr/pbp/cmn/itemImageDownload/1NOwp2F6D7i
327,룩스린에프연질캡슐,타원형,갈색,LXR-F,,200704406,연질캡슐,태극제약(주),https://nedrug.mfds.go.kr/pbp/cmn/itemImageDownload/154661654875500096
328,리게논-큐연질캡슐,장방형,갈색 노랑,SI LGQ,,200402581,연질캡슐,신일제약(주),https://nedrug.mfds.go.kr/pbp/cmn/itemImageDownload/147427269602400139
329,리나치올캡슐375밀리그램(카르보시스테인)(수출명:HyundiolCapsule375Mg),장방형,초록,HDP RIH375,,197800466,경질캡슐,현대약품(주),https://nedrug.mfds.go.kr/pbp/cmn/itemImageDownload/151326603582900051
330,리나치올캡슐500밀리그람(카르보시스테인)(수출명:HyundiolCapsule500Mg),장방형,하양,HDP RHC500,,198301005,경질캡슐,현대약품(주),https://nedrug.mfds.go.kr/pbp/cmn/itemImageDownload/151326603582900057
331,리도펜연질캡슐(이부프로펜),타원형,초록,MK LP,,199701416,연질캡슐,(주)메디카코리아,https://nedrug.mfds.go.kr/pbp/cmn/itemImageDownload/1PPW465z8F4
332,리드콜연질캡슐,장방형,빨강,Leadcol,,201400325,연질캡슐,(주)알피바이오,https://nedrug.mfds.go.kr/pbp/cmn/itemImageDownload/1NOwp2F6NGK
333,리드펜플러스연질캡슐(덱시부프로펜),타원형,주황,MMDB,,201403460,연질캡슐,명문제약(주),https://nedrug.mfds.go.kr/pbp/cmn/itemImageDownload/154596854345600173
334,리드플루연질캡슐,타원형,빨강,리드플루,,202201615,연질캡슐,(주)서흥,https://nedrug.mfds.go.kr/pbp/cmn/itemImageDownload/1O43E2UCmxX
335,리렉사정(수출용),장방형,하양,LCB,L8,200502310,정제,(주)바스칸바이오제약,https://nedrug.mfds.go.kr/pbp/cmn/itemImageDownload/148682304213600123
336,리렉스담정,원형,하양,R3,,202400351,정제,한미약품(주),https://nedrug.mfds.go.kr/pbp/cmn/itemImageDownload/1P2JYwFs8aw
337,리메부틴정(트리메부틴말레산염),원형,하양,CP,3,200003409,정제,(주)씨엠지제약,https://nedrug.mfds.go.kr/pbp/cmn/itemImageDownload/147427723389300085
338,리버골드에프연질캡슐,장방형,갈색,LVGD,,200400462,연질캡슐,(주)대웅제약,https://nedrug.mfds.go.kr/pbp/cmn/itemImageDownload/147428312450900173
339,리버베타연질캡슐(수출명:ganliver),장방형,갈색,Liver Beta,,200600412,연질캡슐,(주)서흥,https://nedrug.mfds.go.kr/pbp/cmn/itemImageDownload/154151885634000024
340,리버엔에프연질캡슐,타원형,빨강,리버엔F,,200906256,연질캡슐,(주)서흥,https://nedrug.mfds.go.kr/pbp/cmn/itemImageDownload/153624840697100061
341,리버치온정(글루타티온(환원형)),원형,하양,GT,MDS,202302791,정제,메딕스제약(주),https://nedrug.mfds.go.kr/pbp/cmn/itemImageDownload/1P2JYwFsAZX
342,리버칼에프연질캡슐350밀리그램(밀크시슬열매건조엑스),장방형,빨강,PK350,,202200851,연질캡슐,(주)한국파비스제약,https://nedrug.mfds.go.kr/pbp/cmn/itemImageDownload/1N-M7iZWRSf
343,리버칼연질캡슐,타원형,갈색,PKF,,200301855,연질캡슐,(주)한국파비스제약,https://nedrug.mfds.go.kr/pbp/cmn/itemImageDownload/1NOwp2F6MNh
344,리버텍트골드연질캡슐,장방형,초록,HKLG,,200904697,연질캡슐,한국코러스(주),https://nedrug.mfds.go.kr/pbp/cmn/itemImageDownload/151499405691800068
345,리버파워포르테연질캡슐,장방형,초록,SC200,,200903043,연질캡슐,아이큐어(주),https://nedrug.mfds.go.kr/pbp/cmn/itemImageDownload/147426416757400080
346,리버포유연질캡슐,장방형,초록,Kb LFC,,200403719,연질캡슐,(주)경보제약,https://nedrug.mfds.go.kr/pbp/cmn/itemImageDownload/147428307461400098
347,리버플란연질캡슐,장방형,갈색,리버플란,,200901818,연질캡슐,(주)서흥,https://nedrug.mfds.go.kr/pbp/cmn/itemImageDownload/147426411393800137
348,리보렌에스연질캡슐,타원형,갈색,YI-RS,,200402297,연질캡슐,영일제약(주),https://nedrug.mfds.go.kr/pbp/cmn/itemImageDownload/1Oi0VcHL096
349,리보테인정,원형,분홍,CA RB,,199802671,정제,조아제약(주),https://nedrug.mfds.go.kr/pbp/cmn/itemImageDownload/151853651029700034
350,리액타민연질캡슐,장방형,갈색,RATM,,201801922,연질캡슐,(주)서흥,https://nedrug.mfds.go.kr/pbp/cmn/itemImageDownload/154817162448400029
351,리액트프리미엄정,원형,갈색,IY,RE,201309804,정제,일양약품(주),https://nedrug.mfds.go.kr/pbp/cmn/itemImageDownload/147426794354400015
352,리어스탑캡슐,장방형,노랑,KB RS,,201905873,경질캡슐,경방신약(주),https://nedrug.mfds.go.kr/pbp/cmn/itemImageDownload/1M-CjqQQRc_
353,리포유정,장방형,초록,HUV,,201404287,정제,(주)휴비스트제약,https://nedrug.mfds.go.kr/pbp/cmn/itemImageDownload/1NYnLMpxg72
354,리피클연질캡슐,타원형,주황,LPC,,200004038,연질캡슐,알보젠코리아(주),https://nedrug.mfds.go.kr/pbp/cmn/itemImageDownload/147809045897300021
355,린아스장용정(아스피린),원형,하양,LAS,,201307061,정제,알리코제약(주),https://nedrug.mfds.go.kr/pbp/cmn/itemImageDownload/1PT2fGfm4xO
356,릴리애정,원형,하양,,,201901551,정제,(주)한국파비스제약,https://nedrug.mfds.go.kr/pbp/cmn/itemImageDownload/1OguGOIGX0X
357,마가렉스정,원형,노랑,MGA,KN,202201105,정제,경남제약(주),https://nedrug.mfds.go.kr/pbp/cmn/itemImageDownload/1OCxjzi8s98
358,마게이트정(알마게이트),장방형,하양,IKA,,201900100,정제,익수제약(주),https://nedrug.mfds.go.kr/pbp/cmn/itemImageDownload/1NOwp2F6Hsh
359,마겐정(알마게이트),장방형,하양,M^G,,201800515,정제,(주)시어스제약,https://nedrug.mfds.go.kr/pbp/cmn/itemImageDownload/1MYVLzDTTY9
360,마그감마맥스연질캡슐,장방형,갈색,MG MAX,,201901436,연질캡슐,구주제약(주),https://nedrug.mfds.go.kr/pbp/cmn/itemImageDownload/1MhB3k2XNc-
361,마그네비정,타원형,분홍,MG,,201708055,정제,한미약품(주),https://nedrug.mfds.go.kr/pbp/cmn/itemImageDownload/1PFJiEnypkw
362,마그넥신연질캡슐,장방형,갈색,CMP MNX,,201701043,연질캡슐,코스맥스파마(주),https://nedrug.mfds.go.kr/pbp/cmn/itemImageDownload/149287456392300164
363,마그라민액티브맥스연질캡슐,장방형,갈색,ID Max,,202107155,연질캡슐,일동제약(주),https://nedrug.mfds.go.kr/pbp/cmn/itemImageDownload/1PEPKBUcjIg
364,마그라민트리플액션정,타원형,노랑,ID M3,,202107129,정제,일동제약(주),https://nedrug.mfds.go.kr/pbp/cmn/itemImageDownload/1OJdSQXzgvJ
365,마그랑비연질캡슐,장방형,갈색,MGR-V,,202200864,연질캡슐,동아제약(주),https://nedrug.mfds.go.kr/pbp/cmn/itemImageDownload/1ODWhLtN5zt
366,마그로디안연질캡슐,장방형,갈색,마그로디안,,202106999,연질캡슐,(주)서흥,https://nedrug.mfds.go.kr/pbp/cmn/itemImageDownload/1OctJqJAsgS
367,마그로민골드프리미엄연질캡슐,장방형,갈색,마그로민,,202106818,연질캡슐,(주)서흥,https://nedrug.mfds.go.kr/pbp/cmn/itemImageDownload/1Nx4BuwxtL5
368,마그롤연질캡슐,장방형,갈색,마그롤,,200905423,연질캡슐,(주)서흥,https://nedrug.mfds.go.kr/pbp/cmn/itemImageDownload/147426438997500164
369,마그맥스연질캡슐,장방형,갈색,D-W MGX,,201405110,연질캡슐,동화약품(주),https://nedrug.mfds.go.kr/pbp/cmn/itemImageDownload/1MnrcaZ0p8l
370,마그메코정,장방형,갈색,GMC,,202302653,정제,(주)이든파마,https://nedrug.mfds.go.kr/pbp/cmn/itemImageDownload/1OnUY_VtDMT
371,마그메타연질캡슐,장방형,갈색,META,,202108167,연질캡슐,코스맥스파마(주),https://nedrug.mfds.go.kr/pbp/cmn/itemImageDownload/1O0bxj5FjnJ
372,마그밀에스정(산화마그네슘),원형,하양,MAF,,201403242,정제,삼남제약(주),https://nedrug.mfds.go.kr/pbp/cmn/itemImageDownload/147426889104800092
373,마그바이타민연질캡슐,장방형,갈색,M바이타민,,202107278,연질캡슐,태극제약(주),https://nedrug.mfds.go.kr/pbp/cmn/itemImageDownload/1O1A3H02k1s
374,마그벤맥스연질캡슐,장방형,갈색,마그벤MX,,202103608,연질캡슐,동방에프티엘(주),https://nedrug.mfds.go.kr/pbp/cmn/itemImageDownload/1NeFqpW1gaw
375,마그벤연질캡슐,장방형,갈색,마그벤,,201501637,연질캡슐,동방에프티엘(주),https://nedrug.mfds.go.kr/pbp/cmn/itemImageDownload/147427021629400186
376,마그비맥스연질캡슐,장방형,갈색,YH Mag-BM,,202104379,연질캡슐,(주)유한양행,https://nedrug.mfds.go.kr/pbp/cmn/itemImageDownload/1Nk2K_pikoi
377,마그비연질캡슐,장방형,갈색,YH Mag-B,,201307920,연질캡슐,(주)유한양행,https://nedrug.mfds.go.kr/pbp/cmn/itemImageDownload/147426729915800105
378,마그셀연질캡슐,장방형,갈색,KS MGC,,201308377,연질캡슐,(주)에이프로젠바이오로직스,https://nedrug.mfds.go.kr/pbp/cmn/itemImageDownload/147426742408200085
379,마그스연질캡슐,장방형,빨강,마그스,,201507585,연질캡슐,조아제약(주),https://nedrug.mfds.go.kr/pbp/cmn/itemImageDownload/1NoOiJmZVNF
380,마그아민골드연질캡슐,장방형,갈색,마그아민G,,202301174,연질캡슐,동방에프티엘(주),https://nedrug.mfds.go.kr/pbp/cmn/itemImageDownload/1OYyh_ORdCe
381,마그알파연질캡슐,장방형,갈색,KD MG,,202200799,연질캡슐,메딕스제약(주),https://nedrug.mfds.go.kr/pbp/cmn/itemImageDownload/1O0bxj5Fjx9
382,마그엔뉴연질캡슐,장방형,갈색,MgN,,202202104,연질캡슐,경동제약(주),https://nedrug.mfds.go.kr/pbp/cmn/itemImageDownload/1OFClXzKbXs
383,마그엔지연질캡슐,장방형,갈색,마그엔지,,201503600,연질캡슐,일양바이오팜(주),https://nedrug.mfds.go.kr/pbp/cmn/itemImageDownload/147427082737900078
384,마그엘디연질캡슐,타원형,빨강 주황,YSH,,201401904,연질캡슐,영풍제약(주),https://nedrug.mfds.go.kr/pbp/cmn/itemImageDownload/1Mf9b53DgsD
385,마그엠정(알마게이트),장방형,하양,MTS,5,201706490,정제,(주)마더스제약,https://nedrug.mfds.go.kr/pbp/cmn/itemImageDownload/151525327782000034
386,마그오캡슐250mg(산화마그네슘),장방형,하양,Mgo 250,,199901457,경질캡슐,(주)한국파마,https://nedrug.mfds.go.kr/pbp/cmn/itemImageDownload/1O2N2RQumDr
387,마그오캡슐500mg(산화마그네슘),장방형,초록 하양,Mgo 500,,199901458,경질캡슐,(주)한국파마,https://nedrug.mfds.go.kr/pbp/cmn/itemImageDownload/1Mxwka5v3o7
388,마그온맥스비연질캡슐,장방형,갈색,마그온맥스비,,202200438,연질캡슐,(주)대웅제약,https://nedrug.mfds.go.kr/pbp/cmn/itemImageDownload/1OmM2OP_0WE
389,마그온연질캡슐,장방형,갈색,마그온,,201700293,연질캡슐,(주)대웅제약,https://nedrug.mfds.go.kr/pbp/cmn/itemImageDownload/150108271437100164
390,마그온플러스연질캡슐,장방형,갈색,마그온PLUS,,202200437,연질캡슐,(주)대웅제약,https://nedrug.mfds.go.kr/pbp/cmn/itemImageDownload/1OmM2OP_0Vy
391,마그원매코정,장방형,갈색,MAG,,202401039,정제,아이큐어(주),https://nedrug.mfds.go.kr/pbp/cmn/itemImageDownload/1PH3EekafaS
392,마그윈큐연질캡슐,장방형,갈색,마그윈큐,,202201563,연질캡슐,메딕스제약(주),https://nedrug.mfds.go.kr/pbp/cmn/itemImageDownload/1O597tTUcQ2
393,마그칼연질캡슐,장방형,갈색,마그칼,,201705249,연질캡슐,코스맥스파마(주),https://nedrug.mfds.go.kr/pbp/cmn/itemImageDownload/150470345187400093
394,마그큐엔연질캡슐,장방형,갈색,MAGN,,202203241,연질캡슐,코스맥스파마(주),https://nedrug.mfds.go.kr/pbp/cmn/itemImageDownload/1ORg8QAQKf3
395,마그킹코발정,장방형,갈색,MGC,,202302667,정제,(주)넥스팜코리아,https://nedrug.mfds.go.kr/pbp/cmn/itemImageDownload/1OnUY_VtDbp
396,마그탑파워연질캡슐,장방형,갈색,마그탑파워,,202000310,연질캡슐,코스맥스파마(주),https://nedrug.mfds.go.kr/pbp/cmn/itemImageDownload/1N2lHOy4OLU
397,마그토닉연질캡슐,장방형,갈색,DCMT,,201308173,연질캡슐,(주)동구바이오제약,https://nedrug.mfds.go.kr/pbp/cmn/itemImageDownload/152104201649000004
398,마그토벤연질캡슐,장방형,갈색,MTB,,201606492,연질캡슐,코스맥스파마(주),https://nedrug.mfds.go.kr/pbp/cmn/itemImageDownload/148431162903300142
399,마그투연질캡슐,장방형,갈색,SNP MG2,,201604413,연질캡슐,(주)에이프로젠바이오로직스,https://nedrug.mfds.go.kr/pbp/cmn/itemImageDownload/148007720779100063
400,마그포스맥스연질캡슐,장방형,갈색,MGFM,,202200834,연질캡슐,코오롱제약(주),https://nedrug.mfds.go.kr/pbp/cmn/itemImageDownload/1O5i42zbIii
401,마그포스액티브연질캡슐,장방형,갈색,MFAC,,201802334,연질캡슐,코오롱제약(주),https://nedrug.mfds.go.kr/pbp/cmn/itemImageDownload/153814921631300007
402,마더스민정600밀리그램(디오스민),원형,분홍,MJ,600,202303394,정제,(주)마더스제약,https://nedrug.mfds.go.kr/pbp/cmn/itemImageDownload/1Os35onWpmh
403,마더스민캡슐(디오스민),장방형,초록,MTS D5,,202001036,경질캡슐,(주)마더스제약,https://nedrug.mfds.go.kr/pbp/cmn/itemImageDownload/1Nax--xeaTl
404,마더스아스피린장용정100mg(아스피린),원형,하양,MJ AS,,201803431,정제(장용정),(주)마더스제약,https://nedrug.mfds.go.kr/pbp/cmn/itemImageDownload/1Otfi5Stu5T
405,마더스코연질캡슐,장방형,초록,마더B,,201900742,연질캡슐,(주)마더스제약,https://nedrug.mfds.go.kr/pbp/cmn/itemImageDownload/1MmZCvzws2Z
406,마더스코프연질캡슐,장방형,파랑,마더C,,201900744,연질캡슐,(주)마더스제약,https://nedrug.mfds.go.kr/pbp/cmn/itemImageDownload/1MmZCvzws1z
407,마더스콜드연질캡슐,장방형,빨강,마더A,,201900743,연질캡슐,(주)마더스제약,https://nedrug.mfds.go.kr/pbp/cmn/itemImageDownload/1MmZCvzws39
408,마로겔정500밀리그람(수산화마그네슘),원형,하양,CA MAR5,,198802327,정제,조아제약(주),https://nedrug.mfds.go.kr/pbp/cmn/itemImageDownload/151568446858300082
409,마로씬정,타원형,하양,MLS,,202303360,정제,(주)바이넥스,https://nedrug.mfds.go.kr/pbp/cmn/itemImageDownload/1OtplggUuk8
410,마로엘정,타원형,하양,CAMAR,,200302007,정제,조아제약(주),https://nedrug.mfds.go.kr/pbp/cmn/itemImageDownload/147428297736600156
411,마메이드정,타원형,분홍,NP,,200807312,정제,대한뉴팜(주),https://nedrug.mfds.go.kr/pbp/cmn/itemImageDownload/147427868771300193
412,마미센스정,원형,갈색,mom,SI,201606430,정제,신일제약(주),https://nedrug.mfds.go.kr/pbp/cmn/itemImageDownload/148388284331200018
413,마민에스정,타원형,하양,MS8,INB,202302877,정제,메딕스제약(주),https://nedrug.mfds.go.kr/pbp/cmn/itemImageDownload/1Op7YnEmKzz
414,마이녹실에스캡슐,장방형,갈색 노랑,현대약품 마이녹실S,,200903837,경질캡슐,현대약품(주),https://nedrug.mfds.go.kr/pbp/cmn/itemImageDownload/151706772283900015
415,마이렉스정,장방형,노랑,TG MG,,200600233,정제,태극제약(주),https://nedrug.mfds.go.kr/pbp/cmn/itemImageDownload/1NAT_bwba0W
416,마이메가100정,타원형,갈색,K.D,M,201701023,정제,광동제약(주),https://nedrug.mfds.go.kr/pbp/cmn/itemImageDownload/149693644717000038
417,마이메가플러스정,타원형,갈색,KDP,M,202301912,정제,광동제약(주),https://nedrug.mfds.go.kr/pbp/cmn/itemImageDownload/1OeD8xwOrRg
418,마이믹스정,장방형,갈색,WMD,,201307379,정제,(주)휴온스,https://nedrug.mfds.go.kr/pbp/cmn/itemImageDownload/147426713789400036
419,마이속정(탄산수소나트륨),원형,하양,B^S,,202301043,정제,(주)바스칸바이오제약,https://nedrug.mfds.go.kr/pbp/cmn/itemImageDownload/1ObKPNYiUtA
420,마이어스콕골드정,타원형,살구,K.D,G,201006807,정제,광동제약(주),https://nedrug.mfds.go.kr/pbp/cmn/itemImageDownload/147426523050600013
421,마이칼큐정 ,장방형,주황,MQ,,202300936,정제,명문제약(주),https://nedrug.mfds.go.kr/pbp/cmn/itemImageDownload/1OWap0p6EFC
422,마이파워정,장방형,갈색,PWT,,200904159,정제,화일약품(주),https://nedrug.mfds.go.kr/pbp/cmn/itemImageDownload/1NOwp2F6RSY
423,마이펜덱시연질캡슐(덱시부프로펜),타원형,파랑,MYDX,,202401765,연질캡슐,코오롱제약(주),https://nedrug.mfds.go.kr/pbp/cmn/itemImageDownload/1PEPKBUckUn
424,마이펜엑스정,원형,하양,KL,,202400920,정제,코오롱제약(주),https://nedrug.mfds.go.kr/pbp/cmn/itemImageDownload/1P2JYwFsAMb
425,마이펜이부400연질캡슐(이부프로펜),타원형,파랑,MYIB,,202401488,연질캡슐,코오롱제약(주),https://nedrug.mfds.go.kr/pbp/cmn/itemImageDownload/1PEPKBUckTk
426,마크롱연질캡슐,장방형,갈색,LONG,,202202289,연질캡슐,코스맥스파마(주),https://nedrug.mfds.go.kr/pbp/cmn/itemImageDownload/1OMX5CPmM54
427,마투탑플러스연질캡슐,장방형,갈색,마투탑+,,201804504,연질캡슐,코스맥스파마(주),https://nedrug.mfds.go.kr/pbp/cmn/itemImageDownload/1MiQk9lOBvU
428,마하펜연질캡슐(아세트아미노펜),장방형,주황,마하펜,,201904215,연질캡슐,일양바이오팜(주),https://nedrug.mfds.go.kr/pbp/cmn/itemImageDownload/1Mq-1T3NOzC
429,마하펜정500밀리그램(아세트아미노펜),장방형,하양,MHT,IB,202400157,정제,일양바이오팜(주),https://nedrug.mfds.go.kr/pbp/cmn/itemImageDownload/1P2JYwFs9MQ
430,말레부틴정(트리메부틴말레산염),원형,하양,DID,DID,199001559,정제,하이플생명과학(주),https://nedrug.mfds.go.kr/pbp/cmn/itemImageDownload/147427718028200131
431,맘스폴릭정1000마이크로그램(폴산),원형,노랑,DC1,,201707545,정제,(주)동구바이오제약,https://nedrug.mfds.go.kr/pbp/cmn/itemImageDownload/151525327782000076
432,맥덴타에프캡슐,장방형,파랑,MC MDF,,200806961,경질캡슐,맥널티제약(주),https://nedrug.mfds.go.kr/pbp/cmn/itemImageDownload/147427897731800068
433,맥세렌디정,원형,하양,MC,D3,202004542,정제,맥널티제약(주),https://nedrug.mfds.go.kr/pbp/cmn/itemImageDownload/1NUguTYAPr9
434,맥세렌비제트정,원형,하양,MC,B,202200765,정제,맥널티제약(주),https://nedrug.mfds.go.kr/pbp/cmn/itemImageDownload/1OBVa0o7buo
435,맥스디1000연질캡슐,타원형,빨강,TEM,,201405232,연질캡슐,(주)테라젠이텍스,https://nedrug.mfds.go.kr/pbp/cmn/itemImageDownload/147426964205900079
436,맥스디스정,타원형,초록,HK,,201605694,정제,한국코러스(주),https://nedrug.mfds.go.kr/pbp/cmn/itemImageDownload/148362363212600157
437,맥스원플러스연질캡슐,타원형,갈색,MSOP,,201803085,연질캡슐,아이큐어(주),https://nedrug.mfds.go.kr/pbp/cmn/itemImageDownload/154039561327900044
438,맥스케어액트정,장방형,갈색,MCA,SI,202106002,정제,신일제약(주),https://nedrug.mfds.go.kr/pbp/cmn/itemImageDownload/1NvwvvpE2Ls
439,맥스케어정,타원형,갈색,SIMC,,202302996,정제,신일제약(주),https://nedrug.mfds.go.kr/pbp/cmn/itemImageDownload/1OolGzblOoO
440,맥스케어프리미엄정,장방형,노랑,SI MCPr,,201400143,정제,신일제약(주),https://nedrug.mfds.go.kr/pbp/cmn/itemImageDownload/1OZV2pPArlx
441,맥스타민메가맥스정,타원형,빨강,IHB,,202300661,정제,(주)일화,https://nedrug.mfds.go.kr/pbp/cmn/itemImageDownload/1OcIzQG1qim
442,맥스타민콘드로800정,장방형,갈색,IHP,M,202302870,정제,(주)일화,https://nedrug.mfds.go.kr/pbp/cmn/itemImageDownload/1P2JYwFs9bc
443,맥스타민프리미엄정,타원형,갈색,IH MP,,201501557,정제,(주)일화,https://nedrug.mfds.go.kr/pbp/cmn/itemImageDownload/149805864617300081
444,맥스텐정,장방형,초록,WK77,,200700917,정제,오스틴제약(주),https://nedrug.mfds.go.kr/pbp/cmn/itemImageDownload/152216525755800073
445,맥스펜정(덱시부프로펜),장방형,하양,WK21,,200201695,정제,오스틴제약(주),https://nedrug.mfds.go.kr/pbp/cmn/itemImageDownload/1Orz9gcUHmE
446,맥시라민에이정,타원형,주황,ID,ma,201600573,정제,일동제약(주),https://nedrug.mfds.go.kr/pbp/cmn/itemImageDownload/147427188404700027
447,맥시부펜이알정300밀리그램(덱시부프로펜) ,장방형,하양,MX,,200710817,정제,한미약품(주),https://nedrug.mfds.go.kr/pbp/cmn/itemImageDownload/1NOwp2F6Dtt
448,맥시쿨펜연질캡슐(덱시부프로펜),타원형,파랑,KS MC,,200904632,연질캡슐,(주)에이프로젠바이오로직스,https://nedrug.mfds.go.kr/pbp/cmn/itemImageDownload/1PV-xbWHX_k
449,맥쎈연질캡슐(나프록센),타원형,초록,MXN,,201404850,연질캡슐,코스맥스파마(주),https://nedrug.mfds.go.kr/pbp/cmn/itemImageDownload/151982834805500098
450,맥타정,원형,갈색,CA MA,,200003493,정제,조아제약(주),https://nedrug.mfds.go.kr/pbp/cmn/itemImageDownload/147427753862000099
451,맥페롤에프연질캡슐,장방형,갈색,CMP MEF,,201604251,연질캡슐,코스맥스파마(주),https://nedrug.mfds.go.kr/pbp/cmn/itemImageDownload/147759738064000180
452,머슬펜에프정,장방형,하양,KY15,,202303088,정제,한국신텍스제약(주),https://nedrug.mfds.go.kr/pbp/cmn/itemImageDownload/1Otfi5Stu7K
453,머시론정,원형,하양,MCL,ALV,200009522,정제,알보젠코리아(주),https://nedrug.mfds.go.kr/pbp/cmn/itemImageDownload/1MpYN6WeYa0
454,멀티블루에프정,원형,파랑,LP,,202300911,정제,(주)라이트팜텍,https://nedrug.mfds.go.kr/pbp/cmn/itemImageDownload/1Obcgp6vnyB
455,멀티속정,원형,초록,IYK,,202400177,정제,일양약품(주),https://nedrug.mfds.go.kr/pbp/cmn/itemImageDownload/1P3diGKSDMC
456,멀티아민정,장방형,갈색,MTS,,200808195,정제,(주)마더스제약,https://nedrug.mfds.go.kr/pbp/cmn/itemImageDownload/147427931156600008
457,메가골드비타정,타원형,갈색,MGA,,201504791,정제,(유)한풍제약,https://nedrug.mfds.go.kr/pbp/cmn/itemImageDownload/149085627668800011
458,메가골드플러스정,장방형,갈색,MGP,,201801177,정제,한국코러스(주),https://nedrug.mfds.go.kr/pbp/cmn/itemImageDownload/153339724594600097
459,메가바이정,타원형,갈색,MGV,,201503839,정제,부광약품(주),https://nedrug.mfds.go.kr/pbp/cmn/itemImageDownload/149875082827600025
460,메가벤포큐정,타원형,갈색,MBQ,,202401203,정제,메딕스제약(주),https://nedrug.mfds.go.kr/pbp/cmn/itemImageDownload/1PT2fGfm5H2
461,메가본정,장방형,갈색,DID,B4,202203147,정제,하이플생명과학(주),https://nedrug.mfds.go.kr/pbp/cmn/itemImageDownload/1OMX5CPmM5_
462,메가비액티브정,장방형,주황,DS,VB,201707030,정제,동성제약(주),https://nedrug.mfds.go.kr/pbp/cmn/itemImageDownload/151308878099700120
463,메가비콤정,장방형,갈색,K S,M B,201306969,정제,(주)에이프로젠바이오로직스,https://nedrug.mfds.go.kr/pbp/cmn/itemImageDownload/1Nk2K_piklC
464,메가원정 ,타원형,갈색,UX,,202106143,정제,하나제약(주),https://nedrug.mfds.go.kr/pbp/cmn/itemImageDownload/1Np7Ycc71UJ
465,메가원플러스정,타원형,빨강,HNV,,202400366,정제,하나제약(주),https://nedrug.mfds.go.kr/pbp/cmn/itemImageDownload/1P2JYwFs8dk
466,메가콘600정,장방형,갈색,KBP,CHD,201803248,정제,(주)경보제약,https://nedrug.mfds.go.kr/pbp/cmn/itemImageDownload/1Of5opuN51Q
467,메가콘로엠정,타원형,주황,MJ82,,202401073,정제,(주)마더스제약,https://nedrug.mfds.go.kr/pbp/cmn/itemImageDownload/1P2JYwFs5Uq
468,메가콘사민-에프연질캡슐,장방형,빨강,ET-JF,,201109826,연질캡슐,(주)테라젠이텍스,https://nedrug.mfds.go.kr/pbp/cmn/itemImageDownload/154661645880000075
469,메가클린연질캡슐,타원형,빨강,MMG,,201105149,연질캡슐,명문제약(주),https://nedrug.mfds.go.kr/pbp/cmn/itemImageDownload/1NOwp2F6LHm
470,메가토스씨정,장방형,갈색,TG,MGC,200902450,정제,태극제약(주),https://nedrug.mfds.go.kr/pbp/cmn/itemImageDownload/147427960430900067
471,메가트루액티브정,타원형,분홍,B-AT,YH,201700510,정제,(주)유한양행,https://nedrug.mfds.go.kr/pbp/cmn/itemImageDownload/148975427410700133
472,메가파워정,타원형,빨강,YH,MG,200712481,정제,(주)유한양행,https://nedrug.mfds.go.kr/pbp/cmn/itemImageDownload/147427814578200038
473,메디다제정,장방형,초록,CAMD,,200712375,정제,조아제약(주),https://nedrug.mfds.go.kr/pbp/cmn/itemImageDownload/1N9r98JmPPQ
474,메디알정500mg(알마게이트),장방형,하양,SPP-A,,201801676,정제,에스피씨(주),https://nedrug.mfds.go.kr/pbp/cmn/itemImageDownload/153814921631300067
475,메디오스정600밀리그램(디오스민),원형,분홍,MDS,600,202301403,정제,메딕스제약(주),https://nedrug.mfds.go.kr/pbp/cmn/itemImageDownload/1Oacf40i6hr
476,메디코캡슐,장방형,빨강 노랑,MDS nos,,202204165,경질캡슐,메딕스제약(주),https://nedrug.mfds.go.kr/pbp/cmn/itemImageDownload/1OM7JPLKT7E
477,메디코프캡슐,장방형,주황 노랑,MDS cou,,202204653,경질캡슐,메딕스제약(주),https://nedrug.mfds.go.kr/pbp/cmn/itemImageDownload/1OTvz3WdFgJ
478,메디콜캡슐,장방형,파랑 노랑,MDS flu,,202204652,경질캡슐,메딕스제약(주),https://nedrug.mfds.go.kr/pbp/cmn/itemImageDownload/1OTvz3WdFg1
479,메로타제장용정(브로멜라인),원형,분홍,MT,,201907548,정제,삼천당제약(주),https://nedrug.mfds.go.kr/pbp/cmn/itemImageDownload/1OmM2OP_0Ym
480,메모론에스연질캡슐,타원형,갈색,YI.M,,200704035,연질캡슐,영일제약(주),https://nedrug.mfds.go.kr/pbp/cmn/itemImageDownload/154653006580000154
481,메부라틴정(트리메부틴말레산염)(수출명: MEBURATIN Tablet 100mg),원형,하양,M100,,199806931,정제,(주)넥스팜코리아,https://nedrug.mfds.go.kr/pbp/cmn/itemImageDownload/1MZGLmiMse8
482,메부라틴정150밀리그람(트리메부틴말레산염)(수출명:MEBURATIN Tablet 150mg),원형,하양,M150,,200404205,정제,(주)넥스팜코리아,https://nedrug.mfds.go.kr/pbp/cmn/itemImageDownload/1OlGSH7jtZJ
483,메부란정(트리메부틴말레산염),원형,하양,NB9,,201904326,정제,엔비케이제약(주),https://nedrug.mfds.go.kr/pbp/cmn/itemImageDownload/1P2JYwFsAFr
484,메부틴정(트리메부틴말레산염)(수출명: Supertrim Tab.),원형,하양,GJ,TM,200403052,정제,구주제약(주),https://nedrug.mfds.go.kr/pbp/cmn/itemImageDownload/1OlGSH7jtK7
485,메이놀정,원형,초록,EI,,202200014,정제,(주)바스칸바이오제약,https://nedrug.mfds.go.kr/pbp/cmn/itemImageDownload/1O2wzPVLATj
486,메코마그빅정,장방형,갈색,M250,,202301270,정제,진양제약(주),https://nedrug.mfds.go.kr/pbp/cmn/itemImageDownload/1OYyh_ORdEK
487,메코민캡슐(메코발라민),장방형,빨강 주황,SINIL MCM 500,,197800391,경질캡슐,신일제약(주),https://nedrug.mfds.go.kr/pbp/cmn/itemImageDownload/1Okvg5XuiDL
488,메코비정,타원형,갈색,MBT,,202203119,정제,메딕스제약(주),https://nedrug.mfds.go.kr/pbp/cmn/itemImageDownload/1OLJPBoFOex
489,메코이에프정,장방형,갈색,MC,,202301564,정제,동성제약(주),https://nedrug.mfds.go.kr/pbp/cmn/itemImageDownload/1OfVhvgG46u
490,메코조인콘드로800정,장방형,갈색,MCT,KBP,202400995,정제,(주)경보제약,https://nedrug.mfds.go.kr/pbp/cmn/itemImageDownload/1PEPKBUck27
491,멘자펜정,장방형,분홍,MSP,,199900834,정제,동성제약(주),https://nedrug.mfds.go.kr/pbp/cmn/itemImageDownload/147427698198900103
492,멜라인장용정(브로멜라인),타원형,주황,MT,,202003388,정제,(주)아리제약,https://nedrug.mfds.go.kr/pbp/cmn/itemImageDownload/1NEQUP33IRd
493,멜라큐정,장방형,노랑,^US,,202301045,정제,오스틴제약(주),https://nedrug.mfds.go.kr/pbp/cmn/itemImageDownload/1OkqsRLb_6x
494,멜리안정,원형,하양,,,200807207,정제,동아제약(주),https://nedrug.mfds.go.kr/pbp/cmn/itemImageDownload/147427893111400138
495,멜린씨정,장방형,갈색,ETX,,200904880,정제,(주)테라젠이텍스,https://nedrug.mfds.go.kr/pbp/cmn/itemImageDownload/1NOwp2F6BOx
496,멜아웃정,원형,분홍,DCM,,201108962,정제,(주)동구바이오제약,https://nedrug.mfds.go.kr/pbp/cmn/itemImageDownload/147426581382500035
497,명문아스피린장용정100mg,원형,하양,MM AS,,201310207,정제,명문제약(주),https://nedrug.mfds.go.kr/pbp/cmn/itemImageDownload/1ObKPNYiUz8
498,모나에스캡슐,장방형,초록 노랑,JWS MSC,,201507900,경질캡슐,제이더블유신약(주),https://nedrug.mfds.go.kr/pbp/cmn/itemImageDownload/147759738064000066
499,모닝톡에스장용연질캡슐,타원형,초록,IBMS,,202103291,연질캡슐,일양바이오팜(주),https://nedrug.mfds.go.kr/pbp/cmn/itemImageDownload/1NfityciGCZ
500,모닝톡에프장용연질캡슐,타원형,초록,IBMF,,202401985,연질캡슐,일양바이오팜(주),https://nedrug.mfds.go.kr/pbp/cmn/itemImageDownload/1PEPKBUcjEy
501,모닝톡장용연질캡슐,타원형,초록,IBM,,202008840,연질캡슐,일양바이오팜(주),https://nedrug.mfds.go.kr/pbp/cmn/itemImageDownload/1NXqH06PV8b
502,모드나캡슐,장방형,하양,DFC DFC,,200902909,경질캡슐,초당약품공업(주),https://nedrug.mfds.go.kr/pbp/cmn/itemImageDownload/147426416757400059
503,모드코에스연질캡슐,타원형,빨강,MODCO,,201203128,연질캡슐,(주)종근당,https://nedrug.mfds.go.kr/pbp/cmn/itemImageDownload/1OSWzHKsvwZ
504,모드코프에스연질캡슐,타원형,파랑,MODCG,,201204389,연질캡슐,(주)종근당,https://nedrug.mfds.go.kr/pbp/cmn/itemImageDownload/1OSWzHKsvv-
505,모드콜에스연질캡슐,타원형,노랑,MODCD,,201204330,연질캡슐,(주)종근당,https://nedrug.mfds.go.kr/pbp/cmn/itemImageDownload/1OSWzHKsvwH
506,모바렌캡슐,장방형,초록 노랑,대웅 모바렌,,201704017,경질캡슐,(주)대웅제약,https://nedrug.mfds.go.kr/pbp/cmn/itemImageDownload/151973917096800109
507,모아노즈연질캡슐,장방형,파랑,모아노즈,,201400349,연질캡슐,(주)알피바이오,https://nedrug.mfds.go.kr/pbp/cmn/itemImageDownload/1NAdfG1CxHc
508,모아뷰연질캡슐,타원형,갈색,MOA,,200710246,연질캡슐,(주)유한양행,https://nedrug.mfds.go.kr/pbp/cmn/itemImageDownload/147427795990100177
509,모아비액티브정,장방형,주황,HKM,,201706380,정제,한국코러스(주),https://nedrug.mfds.go.kr/pbp/cmn/itemImageDownload/151525327782000142
510,모아칼연질캡슐,장방형,초록,Morecal MIP,,199201049,연질캡슐,명인제약(주),https://nedrug.mfds.go.kr/pbp/cmn/itemImageDownload/150955087400400069
511,모아콜연질캡슐,장방형,빨강,모아콜,,201902527,연질캡슐,(주)알피바이오,https://nedrug.mfds.go.kr/pbp/cmn/itemImageDownload/1N0L6J0YIrL
512,모아타민골드비백정,타원형,갈색,MGB,,201606516,정제,(유)한풍제약,https://nedrug.mfds.go.kr/pbp/cmn/itemImageDownload/148613642712300049
513,모아탄캡슐,장방형,초록 노랑,SD HAIR GROW,,201506398,경질캡슐,(주)팜젠사이언스,https://nedrug.mfds.go.kr/pbp/cmn/itemImageDownload/147427111861600170
514,모아헬드원정,타원형,갈색,MOA,,201700539,정제,(유)한풍제약,https://nedrug.mfds.go.kr/pbp/cmn/itemImageDownload/1M_fFrB4MTu
515,모앤캡슐,장방형,초록 노랑,CVP,,201600677,경질캡슐,(주)한국파비스제약,https://nedrug.mfds.go.kr/pbp/cmn/itemImageDownload/148128160194800113
516,모업캡슐,장방형,초록 노랑,KS MOUP,,201505482,경질캡슐,(주)에이프로젠바이오로직스,https://nedrug.mfds.go.kr/pbp/cmn/itemImageDownload/150186122556700066
517,목기천연질캡슐,타원형,초록,MGC,,201104519,연질캡슐,(주)알피바이오,https://nedrug.mfds.go.kr/pbp/cmn/itemImageDownload/1MdYV-PxYoa
518,목틴캡슐200밀리그램(아세틸시스테인),장방형,파랑,HM 목틴,,199902656,경질캡슐,한미약품(주),https://nedrug.mfds.go.kr/pbp/cmn/itemImageDownload/1NOwp2F6DbL
519,몰바렌에스캡슐,장방형,노랑,SNP MS,,201604189,경질캡슐,(주)에이프로젠바이오로직스,https://nedrug.mfds.go.kr/pbp/cmn/itemImageDownload/147809066501400160
520,"무코신일정(메틸-N,S-디아세틸시스테인)",원형,하양,MUCO SINIL,,200102543,정제,신일제약(주),https://nedrug.mfds.go.kr/pbp/cmn/itemImageDownload/1OXxDYVu5UD
521,뮤레스캡슐(에르도스테인),장방형,초록 노랑,CSY MUC,,200702709,경질캡슐,제이더블유신약(주),https://nedrug.mfds.go.kr/pbp/cmn/itemImageDownload/1Og9J5dfYpv
522,뮤스타캡슐200mg(아세틸시스테인),장방형,하양,MUS200 IYP,,201405457,경질캡슐,일양약품(주),https://nedrug.mfds.go.kr/pbp/cmn/itemImageDownload/147426969102600052
523,뮤스테인캡슐200mg(아세틸시스테인),장방형,파랑,MU200 KBP,,201502577,경질캡슐,(주)경보제약,https://nedrug.mfds.go.kr/pbp/cmn/itemImageDownload/147427054809800077
524,뮤시딘캡슐200밀리그램(아세틸시스테인),장방형,파랑,DHNP MUC,,199603333,경질캡슐,대한뉴팜(주),https://nedrug.mfds.go.kr/pbp/cmn/itemImageDownload/1OlTcytjZEX
525,뮤카란캡슐200밀리그램(아세틸시스테인),장방형,하양,MUK200 DWB,,202003464,경질캡슐,대웅바이오(주),https://nedrug.mfds.go.kr/pbp/cmn/itemImageDownload/1NaZ0VkgbDq
526,뮤코다인캡슐200mg(아세틸시스테인),장방형,파랑,ETX MUD200,,200308774,경질캡슐,(주)테라젠이텍스,https://nedrug.mfds.go.kr/pbp/cmn/itemImageDownload/147426395116500174
527,뮤코론캡슐375밀리그램(카르보시스테인),장방형,초록 하양,BK CMC,,198000304,경질캡슐,부광약품(주),https://nedrug.mfds.go.kr/pbp/cmn/itemImageDownload/1NXVKYFvl6Q
528,뮤코린캡슐200밀리그램(아세틸시스테인),장방형,하양,nT AC200,,201905600,경질캡슐,한국신텍스제약(주),https://nedrug.mfds.go.kr/pbp/cmn/itemImageDownload/1OS6hQuOXLZ
529,뮤코메드캡슐(에르도스테인),장방형,초록 노랑,GUJU MCM,,200403090,경질캡슐,구주제약(주),https://nedrug.mfds.go.kr/pbp/cmn/itemImageDownload/1Og9J5dfYqB
530,뮤코반캡슐200mg(아세틸시스테인),장방형,초록,NK MUCB,,201708295,경질캡슐,(주)넥스팜코리아,https://nedrug.mfds.go.kr/pbp/cmn/itemImageDownload/1PZc5NPHNSc
531,뮤코세린캅셀(아세틸시스테인),장방형,노랑,HT MCS,,199600087,경질캡슐,한국휴텍스제약(주),https://nedrug.mfds.go.kr/pbp/cmn/itemImageDownload/1OlTcytjZQF
532,뮤코스텐캡슐100밀리그램(아세틸시스테인),장방형,초록 하양,MK MU1,,199001080,경질캡슐,(주)메디카코리아,https://nedrug.mfds.go.kr/pbp/cmn/itemImageDownload/1OlTcytjZYg
533,뮤코스텐캡슐200밀리그램(아세틸시스테인),장방형,초록,MK MU2,,198901021,경질캡슐,(주)메디카코리아,https://nedrug.mfds.go.kr/pbp/cmn/itemImageDownload/1OlTcytjZYF
534,뮤코원캡슐(에르도스테인),장방형,초록 노랑,MCW BR,,201602679,경질캡슐,(주)보령,https://nedrug.mfds.go.kr/pbp/cmn/itemImageDownload/147427240969100056
535,"뮤코존정(메칠-N,S-디아세틸시스테인)",원형,하양,DC1,,200401475,정제,(주)동구바이오제약,https://nedrug.mfds.go.kr/pbp/cmn/itemImageDownload/147428065594600053
536,뮤코졸정(브롬헥신염산염),원형,하양,MUC,,197400277,정제,부광약품(주),https://nedrug.mfds.go.kr/pbp/cmn/itemImageDownload/1NvwvvpENiE
537,뮤코테라트로키제(암브록솔염산염),원형,하양,ETX,,201206250,정제,(주)테라젠이텍스,https://nedrug.mfds.go.kr/pbp/cmn/itemImageDownload/147426622886300069
538,뮤코티아캡슐200밀리그램(아세틸시스테인),장방형,초록,DM AC200,,201602738,경질캡슐,(주)다산제약,https://nedrug.mfds.go.kr/pbp/cmn/itemImageDownload/153579389714500055
539,뮤코틸캡슐(아세틸시스테인),장방형,하양,KG C13,,201404707,경질캡슐,(주)킵스바이오파마,https://nedrug.mfds.go.kr/pbp/cmn/itemImageDownload/147426943179400080
540,뮤테란캡슐100밀리그램(아세틸시스테인),장방형,초록,Hanwha MUC100,,198801531,경질캡슐,한화제약(주),https://nedrug.mfds.go.kr/pbp/cmn/itemImageDownload/1M_4NHfUrnp
541,뮤테론캡슐200밀리그램(아세틸시스테인),장방형,초록 하양,PL 200,,201900598,경질캡슐,풍림무약(주),https://nedrug.mfds.go.kr/pbp/cmn/itemImageDownload/1NbCdZpz8bo
542,뮤테인캡슐(아세틸시스테인),장방형,하양,H.Krs H.Krs,,201500723,경질캡슐,한국코러스(주),https://nedrug.mfds.go.kr/pbp/cmn/itemImageDownload/149723201580000090
543,뮤텐캡슐200mg(아세틸시스테인),장방형,초록 하양,GUJU MT200,,199302666,경질캡슐,구주제약(주),https://nedrug.mfds.go.kr/pbp/cmn/itemImageDownload/1Oo7XeTdjs1
544,뮤트린캡슐200밀리그램(아세틸시스테인),장방형,초록,CT MTL,,201801561,경질캡슐,에이치엘비제약(주),https://nedrug.mfds.go.kr/pbp/cmn/itemImageDownload/153097807861600052
545,미가펜에스연질캡슐(나프록센),타원형,빨강,미가펜S,,201907830,연질캡슐,(주)팜젠사이언스,https://nedrug.mfds.go.kr/pbp/cmn/itemImageDownload/1PEPKBUclxX
546,미가펜이브연질캡슐,타원형,빨강,미가펜E,,201908614,연질캡슐,(주)팜젠사이언스,https://nedrug.mfds.go.kr/pbp/cmn/itemImageDownload/1N78w75cvDv
547,미가펜후레쉬연질캡슐(이부프로펜),타원형,파랑,MGF,,202000773,연질캡슐,(주)팜젠사이언스,https://nedrug.mfds.go.kr/pbp/cmn/itemImageDownload/1OLJPBoFOg3
548,미그펜400연질캡슐(이부프로펜),타원형,파랑,RPMCF,,201103627,연질캡슐,(주)알피바이오,https://nedrug.mfds.go.kr/pbp/cmn/itemImageDownload/1OM2GQpPV3t
549,미네비타브이정,타원형,갈색,YH,MV,202301243,정제,(주)유한양행,https://nedrug.mfds.go.kr/pbp/cmn/itemImageDownload/1OXnTn8MskH
550,미뉴렛정,원형,하양,,,199806820,정제,한국화이자제약(주),https://nedrug.mfds.go.kr/pbp/cmn/itemImageDownload/147427650557000005
551,미니메이드정(수출용),타원형,분홍,NK,,200901620,정제,(주)넥스팜코리아,https://nedrug.mfds.go.kr/pbp/cmn/itemImageDownload/147426411393800131
552,미니보라30,원형,노랑,,,200800688,정제,동아제약(주),https://nedrug.mfds.go.kr/pbp/cmn/itemImageDownload/147427703001400063
553,미로틱필름코팅정,장방형,노랑,CAMD,,201102069,정제,조아제약(주),https://nedrug.mfds.go.kr/pbp/cmn/itemImageDownload/147426549018000061
554,미리놀캡슐(아세틸시스테인),장방형,초록 하양,Binex MRL,,199800785,경질캡슐,(주)바이넥스,https://nedrug.mfds.go.kr/pbp/cmn/itemImageDownload/154123315326000093
555,미리코프파워연질캡슐,장방형,주황,미리코프PW,,202201771,연질캡슐,(주)알피바이오,https://nedrug.mfds.go.kr/pbp/cmn/itemImageDownload/1OlEDCLyssj
556,미리콜연질캡슐,장방형,초록,미리콜,,201102618,연질캡슐,(주)알피바이오,https://nedrug.mfds.go.kr/pbp/cmn/itemImageDownload/1OmrseGd9JB
557,미투-에스연질캡슐,타원형,갈색,YPP,,200202573,연질캡슐,영풍제약(주),https://nedrug.mfds.go.kr/pbp/cmn/itemImageDownload/1Oi0VcHL09O
558,바로닉신정125밀리그램(클로닉신리시네이트),원형,하양,CGP BN,,199600328,정제,(주)에이프로젠바이오로직스,https://nedrug.mfds.go.kr/pbp/cmn/itemImageDownload/147427336539800150
559,바로소펜연질캡슐(덱시부프로펜),타원형,노랑,DEX,,201206383,연질캡슐,(주)유유제약,https://nedrug.mfds.go.kr/pbp/cmn/itemImageDownload/1N8jUtEiHxo
560,바로코민정,타원형,갈색,SP,V^T,199000005,정제,신풍제약(주),https://nedrug.mfds.go.kr/pbp/cmn/itemImageDownload/150497162247900072
561,바로큐이브연질캡슐,타원형,하양,KNB,,202103971,연질캡슐,경남제약(주),https://nedrug.mfds.go.kr/pbp/cmn/itemImageDownload/1NlB7wTa8Nr
562,"바르젠정(클로닉신리시네이트)(수출명:CLOCXINETab.Stocxine(Clonysinlysinate125),STOLXINE)",원형,주황,BP,,199500850,정제,(주)제뉴파마,https://nedrug.mfds.go.kr/pbp/cmn/itemImageDownload/152725241746600094
563,바소피린장용정(아스피린),원형,하양,VP,,201310592,정제,조아제약(주),https://nedrug.mfds.go.kr/pbp/cmn/itemImageDownload/147426812405600024
564,바스칼캡슐,장방형,주황 노랑,TG BSC,,199301093,경질캡슐,태극제약(주),https://nedrug.mfds.go.kr/pbp/cmn/itemImageDownload/147427453952300030
565,바스크롱에프캡슐,장방형,보라 노랑,TG BSF,,201904798,경질캡슐,태극제약(주),https://nedrug.mfds.go.kr/pbp/cmn/itemImageDownload/1O8hTAhK8HE
566,바시판포르미캡슐(바실루스리케니포르미스균),장방형,하양,CABA CABA,,201505604,경질캡슐,조아제약(주),https://nedrug.mfds.go.kr/pbp/cmn/itemImageDownload/151620370213300023
567,바실리스캡슐(바실루스리케니포르미스균),장방형,하양,AL BLS,,201802085,경질캡슐,알리코제약(주),https://nedrug.mfds.go.kr/pbp/cmn/itemImageDownload/153676522674200071
568,바실리켄캡슐(바실루스리케니포르미스균),장방형,하양,SNP BL,,201500736,경질캡슐,(주)에이프로젠바이오로직스,https://nedrug.mfds.go.kr/pbp/cmn/itemImageDownload/147427000324100177
569,바실리포미스캡슐(바실루스리케니포르미스균),장방형,하양,ETEX G5,,201602561,경질캡슐,(주)테라젠이텍스,https://nedrug.mfds.go.kr/pbp/cmn/itemImageDownload/152104201649000016
570,바이메드캡슐(사카로마이세스보울라르디균),장방형,하양,ETX BIM,,200101249,경질캡슐,(주)테라젠이텍스,https://nedrug.mfds.go.kr/pbp/cmn/itemImageDownload/1MwjLoFp3yM
571,바이메틴정(트리메부틴말레산염),원형,하양,EMT,,199501748,정제,(주)테라젠이텍스,https://nedrug.mfds.go.kr/pbp/cmn/itemImageDownload/1P2JYwFs85x
572,바이메틴정150밀리그램(트리메부틴말레산염),원형,하양,TE9,,201501469,정제,(주)테라젠이텍스,https://nedrug.mfds.go.kr/pbp/cmn/itemImageDownload/1PEPKBUcdxN
573,바이브렉스연질캡슐,장방형,갈색,VIBREX,,202101735,연질캡슐,코스맥스파마(주),https://nedrug.mfds.go.kr/pbp/cmn/itemImageDownload/1Nf8wI1xQkI
574,바이스탑캡슐,장방형,주황 노랑,SI BS,,200805092,경질캡슐,신일제약(주),https://nedrug.mfds.go.kr/pbp/cmn/itemImageDownload/147427795990100012
575,바이오콘연질캡슐,장방형,초록,BIOCON,,200711893,연질캡슐,(주)동구바이오제약,https://nedrug.mfds.go.kr/pbp/cmn/itemImageDownload/147809058168300054
576,바이오탑디듀얼캡슐 ,장방형,노랑,BTS 150,,202106349,경질캡슐,한올바이오파마(주),https://nedrug.mfds.go.kr/pbp/cmn/itemImageDownload/1PSuHLd1GsO
577,바이오탑디포르테캡슐,장방형,하양,BTS-D 포르테,,202107827,경질캡슐,한올바이오파마(주),https://nedrug.mfds.go.kr/pbp/cmn/itemImageDownload/1O87NhauByH
578,바이오탑하이듀얼캡슐,장방형,노랑,BTS 450,,202106350,경질캡슐,한올바이오파마(주),https://nedrug.mfds.go.kr/pbp/cmn/itemImageDownload/1O87NhauBxj
579,바이오탑하이포르테캡슐,장방형,하양,BTS-H 포르테,,202107828,경질캡슐,한올바이오파마(주),https://nedrug.mfds.go.kr/pbp/cmn/itemImageDownload/1O87NhauBx-
580,바이오파워캡슐,장방형,빨강,바이오파워 바이오파워,,200300069,경질캡슐,(유)한풍제약,https://nedrug.mfds.go.kr/pbp/cmn/itemImageDownload/151672201851600056
581,바이캅정(탄산수소나트륨),원형,하양,NVM,,202200972,정제,주식회사 노바엠헬스케어,https://nedrug.mfds.go.kr/pbp/cmn/itemImageDownload/1O0bxj5Fjx-
582,바이코민정,원형,노랑,VC,,201708637,정제,(주)메디카코리아,https://nedrug.mfds.go.kr/pbp/cmn/itemImageDownload/151698121845600095
583,바이코비정,원형,노랑,PKA,,200811058,정제,(주)한국파비스제약,https://nedrug.mfds.go.kr/pbp/cmn/itemImageDownload/147427941083600096
584,바이타민마하정,장방형,노랑,BVM,,202202536,정제,메딕스제약(주),https://nedrug.mfds.go.kr/pbp/cmn/itemImageDownload/1OCxjzi8sAG
585,바이타민트윈샷정,장방형,노랑,BV2,,202202535,정제,메딕스제약(주),
586,바이타액트이엑스정,장방형,갈색,VEX,,201606463,정제,일양약품(주),https://nedrug.mfds.go.kr/pbp/cmn/itemImageDownload/148604288603600063
587,바이타액트정,장방형,갈색,IY,,201207692,정제,일양약품(주),https://nedrug.mfds.go.kr/pbp/cmn/itemImageDownload/147426633330100159
588,"바이탈씨에프정(수출명:라스코르빈포르트,아스코르빈플러스)",원형,노랑,YH,V-C,199600581,정제,(주)유한양행,https://nedrug.mfds.go.kr/pbp/cmn/itemImageDownload/154601167157200105
589,바이펜연질캡슐300mg(덱시부프로펜),타원형,초록,BYEP,,201802592,연질캡슐,구주제약(주),https://nedrug.mfds.go.kr/pbp/cmn/itemImageDownload/1Ml0cyo02ET
590,바토루스캡슐(바실루스리케니포르미스균),장방형,하양,KPP BXK,,201801429,경질캡슐,한국프라임제약(주),https://nedrug.mfds.go.kr/pbp/cmn/itemImageDownload/153339724594600121
591,발란시드정(탄산수소나트륨),원형,하양,TE1,,202000563,정제,(주)테라젠이텍스,https://nedrug.mfds.go.kr/pbp/cmn/itemImageDownload/1N34MmQGGbl
592,발렌시아연질캡슐,타원형,주황,BLCA,,200300808,연질캡슐,태극제약(주),https://nedrug.mfds.go.kr/pbp/cmn/itemImageDownload/147809062320700184
593,발렌정(방풍통성산건조엑스(4.6→1)),원형,초록,TG,VL,202104607,정제,태극제약(주),https://nedrug.mfds.go.kr/pbp/cmn/itemImageDownload/1OXBXjHRXoF
594,배가나정,원형,초록,DWP,V3V,202107042,정제,대원제약(주),https://nedrug.mfds.go.kr/pbp/cmn/itemImageDownload/1OnUY_VtDKD
595,백일후애캡슐,장방형,초록 노랑,100 days,,201901322,경질캡슐,동광제약(주),https://nedrug.mfds.go.kr/pbp/cmn/itemImageDownload/1Ml1y5tPwef
596,밸리씬정(방풍통성산건조엑스(4.6→1)),원형,초록,VLS,,202004020,정제,케이엠에스제약(주),https://nedrug.mfds.go.kr/pbp/cmn/itemImageDownload/1OnUY_VtDa7
597,베노론디정600밀리그램(디오스민),원형,분홍,VD,,202201813,정제,한올바이오파마(주),https://nedrug.mfds.go.kr/pbp/cmn/itemImageDownload/1PEPKBUceJ7
598,베노론캡슐(디오스민),장방형,하양,VENORON 300,,198400182,경질캡슐,한올바이오파마(주),https://nedrug.mfds.go.kr/pbp/cmn/itemImageDownload/151317968049100010
599,베라비타정,타원형,갈색,SL,,201602801,정제,(주)에이프로젠바이오로직스,https://nedrug.mfds.go.kr/pbp/cmn/itemImageDownload/1NjPau4-Kg4
600,베라정(방풍통성산건조엑스(4.6→1)),원형,노랑,TE 1,,202107320,정제,(주)테라젠이텍스,https://nedrug.mfds.go.kr/pbp/cmn/itemImageDownload/1PWq7YK8_9U
601,베로타이엑스정,원형,하양,KY,,202104593,정제,한국신텍스제약(주),https://nedrug.mfds.go.kr/pbp/cmn/itemImageDownload/1OlGSH7jtLF
602,베로타정,장방형,초록,LCB7,,200904579,정제,(주)바스칸바이오제약,https://nedrug.mfds.go.kr/pbp/cmn/itemImageDownload/1NjzNPWEkNV
603,베스자임정,타원형,분홍,BSZT,,199600246,정제,동아에스티(주),https://nedrug.mfds.go.kr/pbp/cmn/itemImageDownload/1PamqCHLjd6
604,베스타제당의정,원형,분홍,BSS,,196600012,정제,동아제약(주),https://nedrug.mfds.go.kr/pbp/cmn/itemImageDownload/1MoApPycZgS
605,베스타제정,원형,갈색,BESTASE,,196600011,정제,동아제약(주),https://nedrug.mfds.go.kr/pbp/cmn/itemImageDownload/147427311457100131
606,베스타제포르테정,장방형,하양,BSF,,198800190,정제,동아제약(주),https://nedrug.mfds.go.kr/pbp/cmn/itemImageDownload/1PTcEU22-8r
607,베스티아제정,장방형,초록,TE,,201502206,정제,(주)테라젠이텍스,https://nedrug.mfds.go.kr/pbp/cmn/itemImageDownload/1NcuRwKmzJ6
608,베아라제정(수출용),장방형,초록,HKB,,201501809,정제,한국코러스(주),https://nedrug.mfds.go.kr/pbp/cmn/itemImageDownload/1N7lFt9NAo9
609,베아로제정,장방형,초록,T27,,200103537,정제,한솔신약(주),https://nedrug.mfds.go.kr/pbp/cmn/itemImageDownload/1NNuh6mJpHd
610,베아비오캡슐(바실루스리케니포르미스균),장방형,하양,DWB BL250,,200809924,경질캡슐,대웅바이오(주),https://nedrug.mfds.go.kr/pbp/cmn/itemImageDownload/1N6VC5aNSSr
611,베아타제정,장방형,초록,BTS,,201607401,정제,한국휴텍스제약(주),https://nedrug.mfds.go.kr/pbp/cmn/itemImageDownload/1MfSEl6hMLu
612,베아틴정,장방형,초록,BAT,,200903775,정제,하나제약(주),https://nedrug.mfds.go.kr/pbp/cmn/itemImageDownload/1OQdQ5pDQBK
613,베아파모정10밀리그램(파모티딘),원형,초록,BF,10,202003699,정제,대웅바이오(주),https://nedrug.mfds.go.kr/pbp/cmn/itemImageDownload/1NVEnjhkQ4O
614,베타셀민연질캡슐,장방형,갈색,APG BTS,,202301486,연질캡슐,(주)에이프로젠바이오로직스,https://nedrug.mfds.go.kr/pbp/cmn/itemImageDownload/1OgwGRyILkN
615,벤다졸정(알벤다졸),타원형,노랑,Korus,Korus,200403777,정제,한국코러스(주),https://nedrug.mfds.go.kr/pbp/cmn/itemImageDownload/1OlTcytjZV9
616,벤비노정,장방형,분홍,IWP,A2,201803704,정제,(주)아이월드제약,https://nedrug.mfds.go.kr/pbp/cmn/itemImageDownload/1MZmMwzxvvk
617,벤즈날정(트리메부틴말레산염),원형,하양,ANP,,198700476,정제,(주)마더스제약,https://nedrug.mfds.go.kr/pbp/cmn/itemImageDownload/1P2JYwFs5S0
618,벤투룩스30mg캡슐(엔테로코쿠스페슘스트레인세르넬레68균),장방형,노랑,SF68 V-30,,198700789,경질캡슐,(주)동구바이오제약,https://nedrug.mfds.go.kr/pbp/cmn/itemImageDownload/1OlTcytjZDh
619,벤티브정,장방형,노랑,NBK,300,202001134,정제,엔비케이제약(주),https://nedrug.mfds.go.kr/pbp/cmn/itemImageDownload/1N3ivmErsui
620,벤포마그빅액티브에스연질캡슐,장방형,갈색,벤포마그S,,202201553,연질캡슐,메딕스제약(주),https://nedrug.mfds.go.kr/pbp/cmn/itemImageDownload/1O597tTU04L
621,벤포맥스100정,타원형,갈색,MAX,,201700700,정제,(유)한풍제약,https://nedrug.mfds.go.kr/pbp/cmn/itemImageDownload/150350284927300031
622,벤포메가정,타원형,갈색,BFT,,201206828,정제,(유)한풍제약,https://nedrug.mfds.go.kr/pbp/cmn/itemImageDownload/146031588583700076
623,벤포바이타나이스정,장방형,주황,BVN,,202302654,정제,일양약품(주),https://nedrug.mfds.go.kr/pbp/cmn/itemImageDownload/1Oln5d5U9rM
624,벤포벨브이정,장방형,주황,CKD,BFV,201705676,정제,(주)종근당,https://nedrug.mfds.go.kr/pbp/cmn/itemImageDownload/1O597tTUF7l
625,벤포벨에스정,장방형,갈색,BFA,CKD,202201059,정제,(주)종근당,https://nedrug.mfds.go.kr/pbp/cmn/itemImageDownload/1O597tTU007
626,벤포벨정,장방형,살구,BFB,CKD,201508281,정제,(주)종근당,https://nedrug.mfds.go.kr/pbp/cmn/itemImageDownload/1NOwp2F65RS
627,벤포벨지정,장방형,노랑,CKD,BF,201905072,정제,(주)종근당,https://nedrug.mfds.go.kr/pbp/cmn/itemImageDownload/1OLYZI_IeAh
628,벤포비타100정,장방형,갈색,NK,V,201606736,정제,(주)넥스팜코리아,https://nedrug.mfds.go.kr/pbp/cmn/itemImageDownload/149723255199200027
629,벤포비파워정,장방형,갈색,BVP,,202301146,정제,진양제약(주),https://nedrug.mfds.go.kr/pbp/cmn/itemImageDownload/1OYyh_ORdE2
630,벤포빅정,타원형,갈색,VBT,,201906214,정제,(유)한풍제약,https://nedrug.mfds.go.kr/pbp/cmn/itemImageDownload/1M_kb4Aa6G5
631,벤포스정,장방형,노랑,AL3,,202005495,정제,알리코제약(주),https://nedrug.mfds.go.kr/pbp/cmn/itemImageDownload/1Nz64xJO6KY
632,벤포액티브연질캡슐,장방형,갈색,BAC,,202006967,연질캡슐,현대약품(주),https://nedrug.mfds.go.kr/pbp/cmn/itemImageDownload/1NgBQQRiuYs
633,벤포액티브프리미엄정,장방형,노랑,BV,,202007893,정제,현대약품(주),https://nedrug.mfds.go.kr/pbp/cmn/itemImageDownload/1Nq4XM4gmN-
634,벤포칸정,장방형,노랑,V-K,,202007638,정제,한국코러스(주),https://nedrug.mfds.go.kr/pbp/cmn/itemImageDownload/1NQDCuOtsJp
635,벤포커스정,장방형,노랑,BF,IY,202007941,정제,일양약품(주),https://nedrug.mfds.go.kr/pbp/cmn/itemImageDownload/1NXVKYFvlTR
636,벤포타임정,장방형,노랑,B-T,,202007951,정제,(주)라이트팜텍,https://nedrug.mfds.go.kr/pbp/cmn/itemImageDownload/1OR9x9vZQ_-
637,벤포타정,장방형,주황,IK BP,,202008050,정제,익수제약(주),https://nedrug.mfds.go.kr/pbp/cmn/itemImageDownload/1NhETqzLMfY
638,벤포테인정,장방형,노랑,C^V,,202008189,정제,조아제약(주),https://nedrug.mfds.go.kr/pbp/cmn/itemImageDownload/1NXVKYFvlTj
639,벨노즈캡슐,장방형,파랑 하양,벨노즈 벨노즈,,201708605,경질캡슐,한솔신약(주),https://nedrug.mfds.go.kr/pbp/cmn/itemImageDownload/154609807502200125
640,벨라제정(브로멜라인),타원형,하양,U2,,200501497,정제,한국유니온제약(주),https://nedrug.mfds.go.kr/pbp/cmn/itemImageDownload/1N2BCpgVQQZ
641,벨라제정45mg(브로멜라인),타원형,분홍,U1,,200501511,정제,한국유니온제약(주),https://nedrug.mfds.go.kr/pbp/cmn/itemImageDownload/147428166497500049
642,보니타정,원형,하양,C,5,201706237,정제,현대약품(주),https://nedrug.mfds.go.kr/pbp/cmn/itemImageDownload/152035082651700104
643,보령마그락비타연질캡슐,장방형,갈색,MRV,,201601616,연질캡슐,(주)보령,https://nedrug.mfds.go.kr/pbp/cmn/itemImageDownload/147427226381000183
644,보령바이오아스피린장용정100밀리그램,원형,하양,9A,,201908303,정제,(주)보령바이오파마,https://nedrug.mfds.go.kr/pbp/cmn/itemImageDownload/1NOwp2F64PN
645,보령아이락비타연질캡슐,타원형,갈색,ERV,,201601341,연질캡슐,(주)보령,https://nedrug.mfds.go.kr/pbp/cmn/itemImageDownload/147427219007500136
646,복합쓸기담연질캡슐,장방형,노랑 갈색,복합쓸기담,,200000431,연질캡슐,삼성제약(주),https://nedrug.mfds.go.kr/pbp/cmn/itemImageDownload/147427645812600088
647,복합유디리버연질캡슐,장방형,갈색 초록,복합유디리버,,200905144,연질캡슐,(주)유한양행,https://nedrug.mfds.go.kr/pbp/cmn/itemImageDownload/1NOwp2F6S9k
648,복합파자임이중정,타원형,갈색,P^Z,,199601520,정제,부광약품(주),https://nedrug.mfds.go.kr/pbp/cmn/itemImageDownload/1McEBdO4Bnf
649,본디칼맥스정,장방형,초록,IWP,B 4,201704844,정제,(주)아이월드제약,https://nedrug.mfds.go.kr/pbp/cmn/itemImageDownload/150488501735800106
650,본디칼정,장방형,초록,IWP,B 2,201704843,정제,(주)아이월드제약,https://nedrug.mfds.go.kr/pbp/cmn/itemImageDownload/150488501735900011
651,본디칼플러스정,타원형,초록,IWP,B 3,201704845,정제,(주)아이월드제약,https://nedrug.mfds.go.kr/pbp/cmn/itemImageDownload/150488501735900005
652,본스칼엠정,타원형,하양,CA VTS,,202002068,정제,조아제약(주),https://nedrug.mfds.go.kr/pbp/cmn/itemImageDownload/1NCzXnoXEsf
653,본스칼츄어블정,원형,하양,C^C,,201110424,정제,조아제약(주),https://nedrug.mfds.go.kr/pbp/cmn/itemImageDownload/154653003766800067
654,본에디칼정,장방형,초록,C-1,,202400391,정제,유니메드제약(주),https://nedrug.mfds.go.kr/pbp/cmn/itemImageDownload/1P2JYwFs6Ia
655,본에존연질캡슐,장방형,초록,BJ SI,,201000163,연질캡슐,신일제약(주),https://nedrug.mfds.go.kr/pbp/cmn/itemImageDownload/147426467421600098
656,본엔디연질캡슐,장방형,갈색,IY 본엔디,,201007524,연질캡슐,일양약품(주),https://nedrug.mfds.go.kr/pbp/cmn/itemImageDownload/1P2JYwFs9e_
657,본탑600골드정,장방형,갈색,D-W,BTG,201802746,정제,동화약품(주),https://nedrug.mfds.go.kr/pbp/cmn/itemImageDownload/153857449238000016
658,본투본연질캡슐,장방형,갈색,YJ-BB,,201604725,연질캡슐,영진약품(주),https://nedrug.mfds.go.kr/pbp/cmn/itemImageDownload/150099299009800105
659,볼그레캡슐(철-아세틸트랜스페린),장방형,빨강,CKD BGR,,200100102,경질캡슐,(주)종근당,https://nedrug.mfds.go.kr/pbp/cmn/itemImageDownload/154601161228500025
660,부로멜라장용정(브로멜라인),원형,분홍,MBL,,200502663,정제,명문제약(주),https://nedrug.mfds.go.kr/pbp/cmn/itemImageDownload/1OmM2OP_0Xe
661,부스코판당의정(부틸스코폴라민브롬화물),원형,하양,L71,,200901181,정제,오펠라헬스케어코리아(주),https://nedrug.mfds.go.kr/pbp/cmn/itemImageDownload/1O597tTUEd7
662,브레노즈연질캡슐,장방형,빨강,브레노즈,,201504861,연질캡슐,동방에프티엘(주),https://nedrug.mfds.go.kr/pbp/cmn/itemImageDownload/147427106970700188
663,브레인플러스정(수출용),원형,하양,I2,,201801725,정제,(주)아이월드제약,https://nedrug.mfds.go.kr/pbp/cmn/itemImageDownload/153495248483200092
664,브렌콜에프연질캡슐,장방형,주황,브렌콜F,,201307452,연질캡슐,한솔신약(주),https://nedrug.mfds.go.kr/pbp/cmn/itemImageDownload/147426715423500016
665,브로나인장용정(브로멜라인),원형,분홍,IH11,,202003761,정제,(주)일화,https://nedrug.mfds.go.kr/pbp/cmn/itemImageDownload/1OnErPceaiq
666,브로나제장용정(브로멜라인),원형,분홍,MJ11,,201904502,정제,(주)마더스제약,https://nedrug.mfds.go.kr/pbp/cmn/itemImageDownload/1OhN7YNFLmJ
667,브로다제장용정(브로멜라인),원형,분홍,YP,,200502474,정제,영풍제약(주),https://nedrug.mfds.go.kr/pbp/cmn/itemImageDownload/1PJHlmoJLBd
668,브로라제장용정(브로멜라인),원형,분홍,KG1,,202002542,정제,(주)킵스바이오파마,https://nedrug.mfds.go.kr/pbp/cmn/itemImageDownload/1OlGSH7jtKP
669,브로립신정,원형,초록,Br S,,201903259,정제,일양약품(주),https://nedrug.mfds.go.kr/pbp/cmn/itemImageDownload/1Ms70TADWyq
670,브로멜라장용정(브로멜라인),원형,분홍,WB,,202201516,정제,(주)아이월드제약,https://nedrug.mfds.go.kr/pbp/cmn/itemImageDownload/1OANLAkAEhg
671,브로멜란장용정(브로멜라인),원형,분홍,E2,,202004017,정제,(주)테라젠이텍스,https://nedrug.mfds.go.kr/pbp/cmn/itemImageDownload/1PJOectnJYS
672,브로멜장용정45밀리그램(브로멜라인),타원형,분홍,Kb4,,202006143,정제,(주)경보제약,https://nedrug.mfds.go.kr/pbp/cmn/itemImageDownload/1NNuh6mJpLd
673,브로모타제정,원형,초록,ALPHA,,201303263,정제,알파제약(주),https://nedrug.mfds.go.kr/pbp/cmn/itemImageDownload/1OsnQ8DoR9Z
674,브로아제장용정(브로멜라인),원형,분홍,WU1,,201907157,정제,위더스제약(주),https://nedrug.mfds.go.kr/pbp/cmn/itemImageDownload/1OQdQ5pDQE8
675,브로엘장용정(브로멜라인),원형,분홍,rL,,201907927,정제,에이치엘비제약(주),https://nedrug.mfds.go.kr/pbp/cmn/itemImageDownload/1Pdf_ZRy_fF
676,브로젠장용정45mg(브로멜라인),타원형,분홍,RY4,,202005052,정제,이연제약(주),https://nedrug.mfds.go.kr/pbp/cmn/itemImageDownload/1NOwp2F6NZh
677,브론펙트캡슐(에르도스테인),장방형,초록 노랑,SAMJIN BRP300,,201508010,경질캡슐,삼진제약(주),https://nedrug.mfds.go.kr/pbp/cmn/itemImageDownload/150981004028600034
678,브롤라인장용정(브로멜라인),원형,분홍,BEC,,202003978,정제,대화제약(주),https://nedrug.mfds.go.kr/pbp/cmn/itemImageDownload/1OJwvDq2oyQ
679,브멜라인장용정(브로멜라인),원형,분홍,KMP,,202000791,정제,(주)제뉴파마,https://nedrug.mfds.go.kr/pbp/cmn/itemImageDownload/1OlOLWGgcOC
680,브이디500아이유정(콜레칼시페롤과립),원형,하양,SI,5,201310091,정제,신일제약(주),https://nedrug.mfds.go.kr/pbp/cmn/itemImageDownload/147426799381600034
681,브이코에이치캡슐,장방형,빨강 노랑,MDS VH,,202300796,경질캡슐,메딕스제약(주),https://nedrug.mfds.go.kr/pbp/cmn/itemImageDownload/1OctJqJAseC
682,브이코프에이치캡슐,장방형,파랑 노랑,MDS VGH,,202300977,경질캡슐,메딕스제약(주),https://nedrug.mfds.go.kr/pbp/cmn/itemImageDownload/1OcWuLSAyE-
683,브이콜에이치캡슐,장방형,노랑,MDS VCH,,202300907,경질캡슐,메딕스제약(주),https://nedrug.mfds.go.kr/pbp/cmn/itemImageDownload/1Obcgp6vnyl
684,브이텐연질캡슐,장방형,빨강,YH VT,,200605374,연질캡슐,(주)유한양행,https://nedrug.mfds.go.kr/pbp/cmn/itemImageDownload/147428307461400176
685,블루콜엠연질캡슐,타원형,갈색,BLCM,,201500001,연질캡슐,(주)알피바이오,https://nedrug.mfds.go.kr/pbp/cmn/itemImageDownload/1PEPKBUclbG
686,블루콜연질캡슐(수출용),타원형,남색,BLC,,200608330,연질캡슐,(주)알피바이오,https://nedrug.mfds.go.kr/pbp/cmn/itemImageDownload/147427824984200181
687,비나폴로100정,장방형,갈색,V100,,201802086,정제,(주)유유제약,https://nedrug.mfds.go.kr/pbp/cmn/itemImageDownload/154817162448400101
688,비나폴로엑스트라연질캡슐,장방형,갈색,VPE,,200100244,연질캡슐,(주)유유제약,https://nedrug.mfds.go.kr/pbp/cmn/itemImageDownload/147809054104100074
689,비나플러스연질캡슐,장방형,갈색,VNP,,201700641,연질캡슐,코스맥스파마(주),https://nedrug.mfds.go.kr/pbp/cmn/itemImageDownload/149256825326800079
690,비도스캡슐(에르도스테인),장방형,초록,KPP BDS,,200404048,경질캡슐,한국프라임제약(주),https://nedrug.mfds.go.kr/pbp/cmn/itemImageDownload/1Og9J5dfYw-
691,비맥스골드정,타원형,주황,BGT,,201401934,정제,(유)한풍제약,https://nedrug.mfds.go.kr/pbp/cmn/itemImageDownload/147426857383000005
692,비맥스메타비정,타원형,빨강,MTT,,202101945,정제,(유)한풍제약,https://nedrug.mfds.go.kr/pbp/cmn/itemImageDownload/1NdSqA-16kS
693,비맥스메타정,타원형,갈색,Bmt,,201901373,정제,(유)한풍제약,https://nedrug.mfds.go.kr/pbp/cmn/itemImageDownload/1MgMniIZaHF
694,비맥스비비정,타원형,분홍,BBT,,201801908,정제,(유)한풍제약,https://nedrug.mfds.go.kr/pbp/cmn/itemImageDownload/152941971828400069
695,비맥스액티브정,타원형,갈색,BAT,,201605486,정제,(유)한풍제약,https://nedrug.mfds.go.kr/pbp/cmn/itemImageDownload/147759769438500040
696,비맥스에버프리미엄정,타원형,갈색,EVP,,202400679,정제,(유)한풍제약,https://nedrug.mfds.go.kr/pbp/cmn/itemImageDownload/1P3diGKSDHi
697,비맥스에버플러스정,타원형,갈색,BEP,,202204393,정제,(유)한풍제약,https://nedrug.mfds.go.kr/pbp/cmn/itemImageDownload/1OSm8xoWjxJ
698,비맥스엠지플러스연질캡슐,장방형,갈색,BGP,,202202490,연질캡슐,(유)한풍제약,https://nedrug.mfds.go.kr/pbp/cmn/itemImageDownload/1ODWhLtN64n
699,비맥스제트정,타원형,갈색,B-Z,,202300436,정제,(유)한풍제약,https://nedrug.mfds.go.kr/pbp/cmn/itemImageDownload/1OWap0p6ED3
700,비메진정,원형,파랑,NV,,202302074,정제,주식회사 노바엠헬스케어,https://nedrug.mfds.go.kr/pbp/cmn/itemImageDownload/1Oe8SX1EixR
701,비백파워정,타원형,갈색,AC,100,201605497,정제,알리코제약(주),https://nedrug.mfds.go.kr/pbp/cmn/itemImageDownload/149140522283400113
702,비보존에르도스테인캡슐,장방형,초록 노랑,VVZ EDT,,201601858,경질캡슐,(주)비보존제약,https://nedrug.mfds.go.kr/pbp/cmn/itemImageDownload/1PEPKBUcjpD
703,비비코에스연질캡슐,장방형,파랑,RPVCS,,201401768,연질캡슐,(주)알피바이오,https://nedrug.mfds.go.kr/pbp/cmn/itemImageDownload/147426852464500145
704,비사린정,원형,초록,IH,L^,202203780,정제,(주)일화,https://nedrug.mfds.go.kr/pbp/cmn/itemImageDownload/1OS6hQuOK6a
705,비사콜장용정,원형,노랑,BD,,201707895,정제,안국약품(주),https://nedrug.mfds.go.kr/pbp/cmn/itemImageDownload/151671426051700107
706,비센큐정,원형,초록,MJ,,201404670,정제,(주)마더스제약,https://nedrug.mfds.go.kr/pbp/cmn/itemImageDownload/147426943179400005
707,비스칸비캡슐,장방형,하양,BL250 CP5,,202302804,경질캡슐,(주)바이넥스,https://nedrug.mfds.go.kr/pbp/cmn/itemImageDownload/1PT2fGfm5Fw
708,비스칸엔캡슐(바실루스리케니포르미스균),장방형,하양,Binex NXK,,200907725,경질캡슐,(주)바이넥스,https://nedrug.mfds.go.kr/pbp/cmn/itemImageDownload/1NOwp2F64Xq
709,비스콘틴800정,장방형,갈색,BSC,800,202204671,정제,성이바이오제약주식회사,https://nedrug.mfds.go.kr/pbp/cmn/itemImageDownload/1OUz3s18YKm
710,비스콘틴엠800정,장방형,갈색,BSC,M,202400408,정제,성이바이오제약주식회사,https://nedrug.mfds.go.kr/pbp/cmn/itemImageDownload/1P2JYwFsBRn
711,비스타치정(글루타티온(환원형)),원형,하양,PI,,201400729,정제,(주)한국파비스제약,https://nedrug.mfds.go.kr/pbp/cmn/itemImageDownload/147426837868200146
712,비스타치플러스정(글루타티온(환원형)),원형,하양,CVA,,201502550,정제,(주)한국파비스제약,https://nedrug.mfds.go.kr/pbp/cmn/itemImageDownload/1POSsjoWo8u
713,비시드에프정,원형,하양,WAL,15,200901321,정제,오스틴제약(주),https://nedrug.mfds.go.kr/pbp/cmn/itemImageDownload/147427955462100022
714,비아콘정,원형,갈색,IH,VT,202204125,정제,(주)일화,https://nedrug.mfds.go.kr/pbp/cmn/itemImageDownload/1OS6hQuOK78
715,비알뮤코캡슐(아세틸시스테인),장방형,파랑,BRB MUCO,,201507620,경질캡슐,(주)보령바이오파마,https://nedrug.mfds.go.kr/pbp/cmn/itemImageDownload/147427135487800109
716,비알에스락캡슐(바실루스리케니포르미스균),장방형,하양,BRB S250,,201500122,경질캡슐,(주)보령바이오파마,https://nedrug.mfds.go.kr/pbp/cmn/itemImageDownload/147426989724000139
717,비앤비정,타원형,하양,NVM,,202103743,정제,주식회사 노바엠헬스케어,https://nedrug.mfds.go.kr/pbp/cmn/itemImageDownload/1NgBQQRiuce
718,비엘비정,장방형,갈색,BLB,,202005249,정제,한국코러스(주),https://nedrug.mfds.go.kr/pbp/cmn/itemImageDownload/1NRstGF7DCM
719,비엘아세틸캡슐(아세틸시스테인),장방형,초록,BL 200,,202001764,경질캡슐,(주)라이트팜텍,https://nedrug.mfds.go.kr/pbp/cmn/itemImageDownload/1PEPKBUcktX
720,비엘피린장용정100밀리그램(아스피린),원형,하양,BL AP,,201708490,정제,(주)씨엘팜,https://nedrug.mfds.go.kr/pbp/cmn/itemImageDownload/1OZ25fiXc8d
721,비엠쿨에프캡슐,장방형,노랑,비엠쿨에프 비엠쿨에프,,201401003,경질캡슐,(유)한풍제약,https://nedrug.mfds.go.kr/pbp/cmn/itemImageDownload/147426841854900148
722,비오루스캡슐(바실루스리케니포르미스균),장방형,하양,SCD Biolus,,201505123,경질캡슐,삼천당제약(주),https://nedrug.mfds.go.kr/pbp/cmn/itemImageDownload/154599007536300017
723,비오메틱스캡슐(바실루스리케니포르미스균),장방형,노랑,GUJU BIO,,201602544,경질캡슐,구주제약(주),https://nedrug.mfds.go.kr/pbp/cmn/itemImageDownload/154599003132500037
724,비오켄캡슐(바실루스리케니포르미스균),장방형,하양,NK BLK,,201505153,경질캡슐,(주)넥스팜코리아,https://nedrug.mfds.go.kr/pbp/cmn/itemImageDownload/147427106970700006
725,비오펜연질캡슐(덱시부프로펜),장방형,초록,DCD,,200903482,연질캡슐,(주)동구바이오제약,https://nedrug.mfds.go.kr/pbp/cmn/itemImageDownload/146031002845800195
726,비오플250캡슐(사카로마이세스보울라르디균),장방형,하양,BOF 250,,201306134,경질캡슐,건일제약(주),https://nedrug.mfds.go.kr/pbp/cmn/itemImageDownload/148499934814200192
727,비우다장용연질캡슐,타원형,초록,HLB,,202101222,연질캡슐,에이치엘비제약(주),https://nedrug.mfds.go.kr/pbp/cmn/itemImageDownload/1NXqH06PUrh
728,비우미정,장방형,하양,CP,1,201602688,정제,(주)씨엠지제약,https://nedrug.mfds.go.kr/pbp/cmn/itemImageDownload/1N3ivmErsg8
729,비카린엠장용정,원형,초록,MJM,,201502994,정제,(주)마더스제약,https://nedrug.mfds.go.kr/pbp/cmn/itemImageDownload/1OT8aQ-Ak-Z
730,비컴쿨캡슐,장방형,파랑 하양,비컴쿨 비컴쿨,,200403398,경질캡슐,경진제약(주),https://nedrug.mfds.go.kr/pbp/cmn/itemImageDownload/147427262812300044
731,비코그린에스정,원형,초록,C1,,201200854,정제,코오롱제약(주),https://nedrug.mfds.go.kr/pbp/cmn/itemImageDownload/148674126111200164
732,비코그린에스플러스정,원형,초록,V1,,202303434,정제,코오롱제약(주),https://nedrug.mfds.go.kr/pbp/cmn/itemImageDownload/1OqoN-3zWxI
733,비코엑스장용정,원형,초록,KCK,,201804576,정제,(주)라이트팜텍,https://nedrug.mfds.go.kr/pbp/cmn/itemImageDownload/1OFwq_fzHJG
734,비큐원스연질캡슐,타원형,파랑,BB1,,202300250,연질캡슐,코스맥스파마(주),https://nedrug.mfds.go.kr/pbp/cmn/itemImageDownload/1OoAc19nhTO
735,비타라민정,원형,분홍,FB,,201306135,정제,(주)팜젠사이언스,https://nedrug.mfds.go.kr/pbp/cmn/itemImageDownload/147426683772100131
736,비타맥스정,장방형,주황,MTS,VM,201200204,정제,(주)마더스제약,https://nedrug.mfds.go.kr/pbp/cmn/itemImageDownload/147426592401600191
737,비타메진캡슐50밀리그램,장방형,노랑 빨강,VM50 VM50,,198500049,경질캡슐,에이치케이이노엔(주),https://nedrug.mfds.go.kr/pbp/cmn/itemImageDownload/151577162254600053
738,비타미노펜연질캡슐,타원형,빨강,CLMX14,,202106496,연질캡슐,(주)알피바이오,https://nedrug.mfds.go.kr/pbp/cmn/itemImageDownload/1O597tTUFVQ
739,비타미니아정,타원형,노랑,D-W,BTM,201110744,정제,동화약품(주),https://nedrug.mfds.go.kr/pbp/cmn/itemImageDownload/149723197859900003
740,비타비백정,타원형,분홍,YH,V100,200802213,정제,(주)유한양행,https://nedrug.mfds.go.kr/pbp/cmn/itemImageDownload/152035096572400005
741,비타비스정,원형,갈색,KMS,C 15,200502688,정제,케이엠에스제약(주),https://nedrug.mfds.go.kr/pbp/cmn/itemImageDownload/148665493852900030
742,비타비케어정,장방형,갈색,VTC,,202301278,정제,경동제약(주),https://nedrug.mfds.go.kr/pbp/cmn/itemImageDownload/1Ob3ehS4L4y
743,비타빅연질캡슐,장방형,초록,ETX M7,,201706824,연질캡슐,(주)테라젠이텍스,https://nedrug.mfds.go.kr/pbp/cmn/itemImageDownload/150652358607300118
744,비타씬-플러스정,타원형,노랑,CAVTS,,200608208,정제,조아제약(주),https://nedrug.mfds.go.kr/pbp/cmn/itemImageDownload/147427805977300183
745,비타씬맥스정,장방형,살구,VTX,C^,202103827,정제,조아제약(주),https://nedrug.mfds.go.kr/pbp/cmn/itemImageDownload/1NlB7wTa8JA
746,비타엔젤추어블정,원형,하양,BAT,,202204643,정제,부광약품(주),https://nedrug.mfds.go.kr/pbp/cmn/itemImageDownload/1OSWzHKsTtR
747,비타월드정,원형,분홍,VB,1,201801516,정제,(주)아이월드제약,https://nedrug.mfds.go.kr/pbp/cmn/itemImageDownload/153002376643000024
748,비타임트리플엠지정,타원형,갈색,BTM,,202401038,정제,메딕스제약(주),https://nedrug.mfds.go.kr/pbp/cmn/itemImageDownload/1PEPKBUckvl
749,비타케어에프정,장방형,갈색,KS,VC,201605578,정제,(주)에이프로젠바이오로직스,https://nedrug.mfds.go.kr/pbp/cmn/itemImageDownload/148864205722200055
750,비타코플러스연질캡슐,장방형,갈색,VTCP,,200807756,연질캡슐,(주)알피바이오,https://nedrug.mfds.go.kr/pbp/cmn/itemImageDownload/147427926223400113
751,비타콤비500정,장방형,갈색,^L,,200400872,정제,알리코제약(주),https://nedrug.mfds.go.kr/pbp/cmn/itemImageDownload/150834121591000022
752,비타큐텐에프정,장방형,갈색,F10,AC,201001573,정제,알리코제약(주),https://nedrug.mfds.go.kr/pbp/cmn/itemImageDownload/147426479322700111
753,비타포린정,원형,분홍,MJ,2,201210185,정제,(주)마더스제약,https://nedrug.mfds.go.kr/pbp/cmn/itemImageDownload/147426652207800042
754,비타포유정,타원형,주황,LOE,,202401079,정제,(유)한풍제약,https://nedrug.mfds.go.kr/pbp/cmn/itemImageDownload/1PEPKBUcfBE
755,비타허브정,타원형,갈색,GHV,,201504815,정제,(유)한풍제약,https://nedrug.mfds.go.kr/pbp/cmn/itemImageDownload/151032841143200045
756,비테인캡슐,장방형,하양,YD BE,,201902472,경질캡슐,(주)서흥,https://nedrug.mfds.go.kr/pbp/cmn/itemImageDownload/1Mu8cPencuG
757,비트리플정,원형,분홍,VT3,,201401592,정제,태극제약(주),https://nedrug.mfds.go.kr/pbp/cmn/itemImageDownload/1N7WiIONwtr
758,비파인정,장방형,갈색,BFI,,202202275,정제,메딕스제약(주),https://nedrug.mfds.go.kr/pbp/cmn/itemImageDownload/1OGYzwP1LNk
759,비프리연질캡슐,타원형,초록,CLMX24,,202008706,연질캡슐,(주)알피바이오,https://nedrug.mfds.go.kr/pbp/cmn/itemImageDownload/1PEPKBUclXT
760,비플렉스듀얼케어정,타원형,갈색,BDC,,202300755,정제,(유)한풍제약,https://nedrug.mfds.go.kr/pbp/cmn/itemImageDownload/1OcRdnFlGdT
761,빅스코민에프정,타원형,갈색,APG,VIC,202103983,정제,(주)에이프로젠바이오로직스,https://nedrug.mfds.go.kr/pbp/cmn/itemImageDownload/1Nn1XXjsvts
762,빅톤에프연질캡슐,장방형,갈색,SI VCTF,,201303988,연질캡슐,신일제약(주),https://nedrug.mfds.go.kr/pbp/cmn/itemImageDownload/151508042749000121
763,뿌레콜에프캡슐,장방형,빨강 하양,KB BF,,200104079,경질캡슐,경방신약(주),https://nedrug.mfds.go.kr/pbp/cmn/itemImageDownload/148864205722200169
764,삐콤씨액티브정,타원형,분홍,BA,YH,201700480,정제,(주)유한양행,https://nedrug.mfds.go.kr/pbp/cmn/itemImageDownload/148983643102100128
765,삐콤씨에프정(수출명:유한삐콤씨에프정),타원형,갈색,YH,B-F,199700756,정제,(주)유한양행,https://nedrug.mfds.go.kr/pbp/cmn/itemImageDownload/151853655168900008
766,삐콤씨파워정,타원형,갈색,YH,BD,201902857,정제,(주)유한양행,https://nedrug.mfds.go.kr/pbp/cmn/itemImageDownload/1MlMmwHGNkQ
767,삐콤정,원형,갈색,YH,B,196200034,정제,(주)유한양행,https://nedrug.mfds.go.kr/pbp/cmn/itemImageDownload/153495248483300010
768,산타몬플러스캡슐,장방형,보라,산타몬 플러스,,200607969,경질캡슐,고려제약(주),https://nedrug.mfds.go.kr/pbp/cmn/itemImageDownload/1NOwp2F6KHU
769,삼남로페라마이드캡슐(로페라미드염산염),장방형,하양,LPD LPD,,200001712,경질캡슐,삼남제약(주),https://nedrug.mfds.go.kr/pbp/cmn/itemImageDownload/147427718028200185
770,삼메틴정(트리메부틴말레산염),원형,하양,Wal 23,,200402069,정제,오스틴제약(주),https://nedrug.mfds.go.kr/pbp/cmn/itemImageDownload/1ObKPNYiU_q
771,삼성브로멜라인장용정,원형,분홍,SSB,,201907617,정제,삼성제약(주),https://nedrug.mfds.go.kr/pbp/cmn/itemImageDownload/1OrTgJZwy13
772,삼성아스피린장용정100밀리그램,원형,하양,SS ^S,,202001489,정제,삼성제약(주),https://nedrug.mfds.go.kr/pbp/cmn/itemImageDownload/1PEPKBUcmM0
773,삼진아스피린장용정,원형,하양,FL1,,201402678,정제,삼진제약(주),https://nedrug.mfds.go.kr/pbp/cmn/itemImageDownload/148674136277000016
774,삼천당산화마그네슘정250밀리그람,원형,하양,SCD,MO,198700641,정제,삼천당제약(주),https://nedrug.mfds.go.kr/pbp/cmn/itemImageDownload/147427444349700048
775,새로덱스정100밀리그램(덱스판테놀),원형,하양,SNM,,202004532,정제,(주)팜젠사이언스,https://nedrug.mfds.go.kr/pbp/cmn/itemImageDownload/1NXqH06PVDe
776,생생장캡슐(바실루스리케니포르미스균),장방형,하양,SD SSJ,,201507778,경질캡슐,(주)팜젠사이언스,https://nedrug.mfds.go.kr/pbp/cmn/itemImageDownload/147427143610700069
777,생장환에스정,원형,초록,LL,,200200414,정제,정우신약(주),https://nedrug.mfds.go.kr/pbp/cmn/itemImageDownload/154333333086600032
778,샤젠캡슐(니푸록사지드),장방형,노랑,TG SAZEN,,199000939,경질캡슐,태극제약(주),https://nedrug.mfds.go.kr/pbp/cmn/itemImageDownload/1N7WiIONx65
779,서울알마게이트정,장방형,하양,SPC,500,201900692,정제,(주)서울제약,https://nedrug.mfds.go.kr/pbp/cmn/itemImageDownload/1MlMmwHGNjB
780,설페린큐캡슐,장방형,초록,한풍 설페린큐,,202106961,경질캡슐,(유)한풍제약,https://nedrug.mfds.go.kr/pbp/cmn/itemImageDownload/1Nz64xJO6RI
781,세가톤트로키(염화세칠피리디늄),원형,노랑,A,A,197600539,정제,알파제약(주),https://nedrug.mfds.go.kr/pbp/cmn/itemImageDownload/1MaAIzBwRVi
782,세나트리플질연질캡슐,타원형,노랑,ALV,,202301122,연질캡슐,알보젠코리아(주),https://nedrug.mfds.go.kr/pbp/cmn/itemImageDownload/1P2JYwFs8xQ
783,세노바퀵연질캡슐(세티리진염산염) ,타원형,보라,IDCQ,,201906400,연질캡슐,일동제약(주),https://nedrug.mfds.go.kr/pbp/cmn/itemImageDownload/1MxGLPXNlqx
784,세노비아에프정,원형,초록,CVF,,201507403,정제,(주)한국파비스제약,https://nedrug.mfds.go.kr/pbp/cmn/itemImageDownload/1PMhf_ebkQ6
785,세다큐노즈연질캡슐,타원형,노랑,SDQN,,201700502,연질캡슐,경남제약(주),https://nedrug.mfds.go.kr/pbp/cmn/itemImageDownload/149256854515100138
786,세다큐코프연질캡슐,타원형,파랑,SDQC,,201700500,연질캡슐,경남제약(주),https://nedrug.mfds.go.kr/pbp/cmn/itemImageDownload/149520842210400196
787,세다큐콜드연질캡슐,타원형,주황,SDQ,,201700501,연질캡슐,경남제약(주),https://nedrug.mfds.go.kr/pbp/cmn/itemImageDownload/149520846957200002
788,"세라진정(세티리진염산염)[수출명: Cera tablet, Allergen tablet, Unizef tablet, Highcera tablet]",장방형,하양,SJ CT,,199801495,정제,삼진제약(주),https://nedrug.mfds.go.kr/pbp/cmn/itemImageDownload/1NOwp2F6Ol4
789,세록센정(나프록센나트륨),장방형,하양,SNS,,199102384,정제,영풍제약(주),https://nedrug.mfds.go.kr/pbp/cmn/itemImageDownload/146032514179900007
790,세르비아캡슐(엔테로코쿠스페슘스트레인세르넬레68균),장방형,노랑,ETEX SRH,,200002787,경질캡슐,(주)테라젠이텍스,https://nedrug.mfds.go.kr/pbp/cmn/itemImageDownload/1Obpxy772SA
791,세리콘정(아세트아미노펜),장방형,하양,Wal 26,,199401316,정제,오스틴제약(주),https://nedrug.mfds.go.kr/pbp/cmn/itemImageDownload/1Oikd3yeZMe
792,세리펙에스정,원형,주황,ANP,SRP,200400641,정제,(주)마더스제약,https://nedrug.mfds.go.kr/pbp/cmn/itemImageDownload/1OmrseGd99v
793,세미론정,장방형,초록,^US,34,200002386,정제,오스틴제약(주),https://nedrug.mfds.go.kr/pbp/cmn/itemImageDownload/1OYGJmTIrkr
794,세시텐캡슐(아세틸시스테인),장방형,초록,NB 55,,202001477,경질캡슐,엔비케이제약(주),https://nedrug.mfds.go.kr/pbp/cmn/itemImageDownload/1OD_if8mnIR
795,세지날정(세티리진염산염),장방형,하양,DML,,201802416,정제,(주)다산제약,https://nedrug.mfds.go.kr/pbp/cmn/itemImageDownload/153579389714500061
796,세진정(세티리진염산염),장방형,하양,TS,L2,200001634,정제,(주)동구바이오제약,https://nedrug.mfds.go.kr/pbp/cmn/itemImageDownload/1NOwp2F67fg
797,세타펜8시간이알서방정650밀리그램(아세트아미노펜),장방형,하양,CEH,,201906975,정제,(주)보령바이오파마,https://nedrug.mfds.go.kr/pbp/cmn/itemImageDownload/1NEQUP33IWz
798,세토펜8시간이알서방정(아세트아미노펜),장방형,하양,SETOPEN ER,,200200662,정제,삼아제약(주),https://nedrug.mfds.go.kr/pbp/cmn/itemImageDownload/1Oikd3yeZ51
799,세트린정(세티리진염산염)(수출명:ANTIRIZINtab),장방형,하양,HT,CR,199700120,정제,한국휴텍스제약(주),https://nedrug.mfds.go.kr/pbp/cmn/itemImageDownload/1NOwp2F6Gxm
800,세티레인캡슐200mg(아세틸시스테인),장방형,파랑,CETL 200,,201507229,경질캡슐,조아제약(주),https://nedrug.mfds.go.kr/pbp/cmn/itemImageDownload/147427128653500045
